{"importBase":"import","nativeBase":"native","name":"main","deps":["internal"],"uuids":["07veRFOMFPB5DAQBjvGr/4","35Osn2gFZA85Qj2f4zxpo3","6fAc9/gb9Kfr1dCvwZaWSA@b47c0@40c10","6fAc9/gb9Kfr1dCvwZaWSA@b47c0@74afd","6fAc9/gb9Kfr1dCvwZaWSA@b47c0@7d38f","6fAc9/gb9Kfr1dCvwZaWSA@b47c0@8fd34","6fAc9/gb9Kfr1dCvwZaWSA@b47c0@bb97f","6fAc9/gb9Kfr1dCvwZaWSA@b47c0@e9a6d","75yjG+k1dFnKUI4Y5/Wb7T","7e1fMh28ROkYoKQ1h9pMtv","baIUdvKGZPgZxNbjWTFuRI","d0MqyYBeFAkIi762QNy1/B@b47c0@40c10","d0MqyYBeFAkIi762QNy1/B@b47c0@74afd","d0MqyYBeFAkIi762QNy1/B@b47c0@7d38f","d0MqyYBeFAkIi762QNy1/B@b47c0@8fd34","d0MqyYBeFAkIi762QNy1/B@b47c0@bb97f","d0MqyYBeFAkIi762QNy1/B@b47c0@e9a6d","f0A7W6dnNPYI9xnXl0gRfn","fdjsU2o1RKF5x0TziDw3jI","026418a93","03d5afbea","058462fd3","0bddbf0de","6fAc9/gb9Kfr1dCvwZaWSA@b47c0","75yjG+k1dFnKUI4Y5/Wb7T@6c48a","75yjG+k1dFnKUI4Y5/Wb7T@f9941","7e1fMh28ROkYoKQ1h9pMtv@6c48a","7e1fMh28ROkYoKQ1h9pMtv@f9941","d0MqyYBeFAkIi762QNy1/B@b47c0","d7o+pKeyNIZp2KX3h+oC3n","f0A7W6dnNPYI9xnXl0gRfn@6c48a","f0A7W6dnNPYI9xnXl0gRfn@f9941"],"paths":{"10":["db:/internal/physics/default-physics-material",1],"18":["db:/internal/default_renderpipeline/builtin-forward",0]},"scenes":{"db://assets/LoadScene/StartScene.scene":0,"db://assets/LoadScene/SceneLoader.scene":1},"packs":{"026418a93":["0","23","2","3","4","5","6","7","25","27","28","11","12","13","14","15","16","29"],"03d5afbea":["26","24","30"],"058462fd3":["9","8","17"],"0bddbf0de":["1","31"]},"versions":{"import":[19,"1c371",20,"ce4b1",21,"8ebdd",22,"ebbdf",18,"731f4"],"native":[2,"6f2af",3,"459f6",4,"6a9df",5,"dabf1",6,"ea0b7",7,"9e658",8,"b67f7",9,"a1e60",11,"d8477",12,"66393",13,"a5757",14,"2b5b1",15,"8000e",16,"3645b",17,"d9657"]},"redirect":[10,"0"],"debug":false,"extensionMap":{},"hasPreloadScript":true,"types":["cc.RenderPipeline","cc.PhysicsMaterial"],"encrypted":true}
