{"importBase":"import","nativeBase":"native","name":"main","deps":["internal"],"uuids":["07veRFOMFPB5DAQBjvGr/4","1b19i+0o5Csq+5WA4zPWti","35Osn2gFZA85Qj2f4zxpo3","42ad/DQb9MSZ2pyFAzGjCx","6fAc9/gb9Kfr1dCvwZaWSA@b47c0@40c10","6fAc9/gb9Kfr1dCvwZaWSA@b47c0@74afd","6fAc9/gb9Kfr1dCvwZaWSA@b47c0@7d38f","6fAc9/gb9Kfr1dCvwZaWSA@b47c0@8fd34","6fAc9/gb9Kfr1dCvwZaWSA@b47c0@bb97f","6fAc9/gb9Kfr1dCvwZaWSA@b47c0@e9a6d","baIUdvKGZPgZxNbjWTFuRI","d0MqyYBeFAkIi762QNy1/B@b47c0@40c10","d0MqyYBeFAkIi762QNy1/B@b47c0@74afd","d0MqyYBeFAkIi762QNy1/B@b47c0@7d38f","d0MqyYBeFAkIi762QNy1/B@b47c0@8fd34","d0MqyYBeFAkIi762QNy1/B@b47c0@bb97f","d0MqyYBeFAkIi762QNy1/B@b47c0@e9a6d","f0A7W6dnNPYI9xnXl0gRfn","fdjsU2o1RKF5x0TziDw3jI","02789deb0","08fc6d185","0bddbf0de","0ede1dd7b","1b19i+0o5Csq+5WA4zPWti@6c48a","1b19i+0o5Csq+5WA4zPWti@f9941","42ad/DQb9MSZ2pyFAzGjCx@6c48a","42ad/DQb9MSZ2pyFAzGjCx@f9941","6fAc9/gb9Kfr1dCvwZaWSA@b47c0","d0MqyYBeFAkIi762QNy1/B@b47c0","d7o+pKeyNIZp2KX3h+oC3n","f0A7W6dnNPYI9xnXl0gRfn@6c48a","f0A7W6dnNPYI9xnXl0gRfn@f9941"],"paths":{"10":["db:/internal/physics/default-physics-material",1],"18":["db:/internal/default_renderpipeline/builtin-forward",0]},"scenes":{"db://assets/LoadScene/StartScene.scene":0,"db://assets/LoadScene/SceneLoader.scene":2},"packs":{"02789deb0":["23","25","30"],"08fc6d185":["1","3","17"],"0bddbf0de":["2","31"],"0ede1dd7b":["0","24","26","27","4","5","6","7","8","9","28","11","12","13","14","15","16","29"]},"versions":{"import":[19,"79134",20,"8ebdd",21,"116cc",22,"6e9f6",18,"731f4"],"native":[1,"902a9",3,"a1067",4,"6f2af",5,"459f6",6,"6a9df",7,"dabf1",8,"ea0b7",9,"9e658",11,"d8477",12,"66393",13,"a5757",14,"2b5b1",15,"8000e",16,"3645b",17,"d9657"]},"redirect":[10,"0"],"debug":false,"extensionMap":{},"hasPreloadScript":true,"types":["cc.RenderPipeline","cc.PhysicsMaterial"],"encrypted":true}
