{"importBase":"import","nativeBase":"native","name":"main","deps":["internal"],"uuids":["07veRFOMFPB5DAQBjvGr/4","35Osn2gFZA85Qj2f4zxpo3","6fAc9/gb9Kfr1dCvwZaWSA@b47c0@40c10","6fAc9/gb9Kfr1dCvwZaWSA@b47c0@74afd","6fAc9/gb9Kfr1dCvwZaWSA@b47c0@7d38f","6fAc9/gb9Kfr1dCvwZaWSA@b47c0@8fd34","6fAc9/gb9Kfr1dCvwZaWSA@b47c0@bb97f","6fAc9/gb9Kfr1dCvwZaWSA@b47c0@e9a6d","baIUdvKGZPgZxNbjWTFuRI","cf/aQN8ZpMqI1kCHKnsvTV","d0MqyYBeFAkIi762QNy1/B@b47c0@40c10","d0MqyYBeFAkIi762QNy1/B@b47c0@74afd","d0MqyYBeFAkIi762QNy1/B@b47c0@7d38f","d0MqyYBeFAkIi762QNy1/B@b47c0@8fd34","d0MqyYBeFAkIi762QNy1/B@b47c0@bb97f","d0MqyYBeFAkIi762QNy1/B@b47c0@e9a6d","e1op42/qJFypicYKCbCMEE","f0A7W6dnNPYI9xnXl0gRfn","fdjsU2o1RKF5x0TziDw3jI","092c239e7","09a914753","0bddbf0de","0f4747d8a","6fAc9/gb9Kfr1dCvwZaWSA@b47c0","cf/aQN8ZpMqI1kCHKnsvTV@6c48a","cf/aQN8ZpMqI1kCHKnsvTV@f9941","d0MqyYBeFAkIi762QNy1/B@b47c0","d7o+pKeyNIZp2KX3h+oC3n","e1op42/qJFypicYKCbCMEE@6c48a","e1op42/qJFypicYKCbCMEE@f9941","f0A7W6dnNPYI9xnXl0gRfn@6c48a","f0A7W6dnNPYI9xnXl0gRfn@f9941"],"paths":{"8":["db:/internal/physics/default-physics-material",1],"18":["db:/internal/default_renderpipeline/builtin-forward",0]},"scenes":{"db://assets/LoadScene/StartScene.scene":0,"db://assets/LoadScene/SceneLoader.scene":1},"packs":{"092c239e7":["9","16","17"],"09a914753":["0","23","2","3","4","5","6","7","25","26","10","11","12","13","14","15","27","29"],"0bddbf0de":["1","31"],"0f4747d8a":["24","28","30"]},"versions":{"import":[19,"8ebdd",20,"cb07a",21,"6c12d",22,"7c546",18,"731f4"],"native":[2,"6f2af",3,"459f6",4,"6a9df",5,"dabf1",6,"ea0b7",7,"9e658",9,"44d2a",10,"d8477",11,"66393",12,"a5757",13,"2b5b1",14,"8000e",15,"3645b",16,"b2b0d",17,"d9657"]},"redirect":[8,"0"],"debug":false,"extensionMap":{},"hasPreloadScript":true,"types":["cc.RenderPipeline","cc.PhysicsMaterial"],"encrypted":true}
