[{"__type__":"cc.SpriteFrame","content":{"name":"Urban  Echo","texture":"9fnqnWwThJAas8Q/9RmRuf","rect":[0,0,808,450],"offset":[0,0],"originalSize":[808,450],"capInsets":[0,0,0,0]}},[{"__type__":"cc.SceneAsset","_name":"StartScene","scene":{"__id__":1},"asyncLoadAssets":null},{"__type__":"cc.Scene","_name":"New Node","_children":[{"__id__":2},{"__id__":6}],"_active":false,"_anchorPoint":{"__type__":"cc.Vec2"},"autoReleaseAssets":false},{"__type__":"cc.Node","_name":"Canvas","_parent":{"__id__":1},"_children":[{"__id__":3},{"__id__":4}],"_level":1,"_components":[{"__type__":"cc.Canvas","node":{"__id__":2},"_designResolution":{"__type__":"cc.Size","width":1920,"height":1080},"_fitWidth":true}],"_contentSize":{"__type__":"cc.Size","width":1920,"height":1080},"_position":{"__type__":"cc.Vec3","x":960,"y":540},"_id":"4dNEXHw7hA0oJFMmwZWVLA"},{"__type__":"cc.Node","_name":"Main Camera","_parent":{"__id__":2},"_level":2,"_components":[{"__type__":"cc.Camera","node":{"__id__":3},"_clearFlags":7,"_backgroundColor":{"__type__":"cc.Color","r":140,"g":141,"b":141},"_depth":-1}],"_position":{"__type__":"cc.Vec3","z":935.3074360871938}},{"__type__":"cc.Node","_name":"bg","_parent":{"__id__":2},"_children":[{"__id__":5}],"_level":2,"_components":[{"__type__":"cc.Sprite","_name":"bg<Sprite>","node":{"__id__":4},"_materials":[{"__uuid__":"ecpdLyjvZBwrvm+cedCcQy"}],"_spriteFrame":{"__uuid__":"ddVnptp4RAP7Ka564877ZX"},"_type":1,"_sizeMode":0},{"__type__":"cc.Widget","node":{"__id__":4},"_alignFlags":21,"_originalWidth":1920,"_originalHeight":1080}],"_prefab":{"__type__":"cc.PrefabInfo","root":{"__id__":4},"asset":{"__uuid__":"c9+XDE2ZhCYaYA8zkhzfYs"},"fileId":"e2V4Yt/wlHpKhlTsEi+S7q"},"_contentSize":{"__type__":"cc.Size","width":2960,"height":1080}},{"__type__":"cc.Node","_name":"logo","_parent":{"__id__":4},"_level":2,"_components":[{"__type__":"cc.Sprite","_name":"logo<Sprite>","node":{"__id__":5},"_materials":[{"__uuid__":"ecpdLyjvZBwrvm+cedCcQy"}],"_spriteFrame":{"__uuid__":"3aMXK8MTxNsrgxLvW9C9gR"}}],"_prefab":{"__type__":"cc.PrefabInfo","root":{"__id__":4},"asset":{"__uuid__":"c9+XDE2ZhCYaYA8zkhzfYs"},"fileId":"c4aJ2JBRROJ7nnPNNYVm/A"},"_contentSize":{"__type__":"cc.Size","width":808,"height":450},"_scale":{"__type__":"cc.Vec3","x":0.7,"y":0.7,"z":0.7}},{"__type__":"cc.Node","_name":"Checker","_parent":{"__id__":1},"_level":1,"_components":[{"__type__":"ab3ebinADZPYpqst8xaZUXB","node":{"__id__":6}}],"_id":"a9KgqfaM5JhbVdhL9obAde"}],{"__type__":"cc.SpriteFrame","content":{"name":"Untitled-1","texture":"76PbhxHxlEGpsHg/X1aUJa","rect":[0,0,2100,1400],"offset":[0,0],"originalSize":[2100,1400],"capInsets":[0,0,0,0]}}]