[{"__type__":"cc.SpriteFrame","content":{"name":"BG","texture":"444iROAolGt5ShDPiNYMhI","rect":[0,0,1920,1080],"offset":[0,0],"originalSize":[1920,1080],"capInsets":[0,0,0,0]}},[{"__type__":"cc.Prefab","_name":"bg","data":{"__id__":1}},{"__type__":"cc.Node","_name":"bg","_children":[{"__id__":2}],"_level":1,"_components":[{"__type__":"cc.Sprite","_name":"bg<Sprite>","node":{"__id__":1},"_materials":[{"__uuid__":"ecpdLyjvZBwrvm+cedCcQy"}],"_spriteFrame":{"__uuid__":"adEkomZMJLFJSB0xT3Saqk"},"_type":2,"_sizeMode":0},{"__type__":"cc.Widget","node":{"__id__":1},"_alignFlags":21,"_originalWidth":1920,"_originalHeight":1080}],"_prefab":{"__type__":"cc.PrefabInfo","root":{"__id__":1},"asset":{"__uuid__":"c9+XDE2ZhCYaYA8zkhzfYs"},"fileId":"e2V4Yt/wlHpKhlTsEi+S7q"},"_contentSize":{"__type__":"cc.Size","width":2960,"height":1080},"_position":{"__type__":"cc.Vec3","x":960,"y":540}},{"__type__":"cc.Node","_name":"logo","_parent":{"__id__":1},"_level":2,"_components":[{"__type__":"cc.Sprite","_name":"logo<Sprite>","node":{"__id__":2},"_materials":[{"__uuid__":"ecpdLyjvZBwrvm+cedCcQy"}],"_spriteFrame":{"__uuid__":"d90GLE6gVLqI0JDCG0jMVI"}}],"_prefab":{"__type__":"cc.PrefabInfo","root":{"__id__":1},"asset":{"__uuid__":"c9+XDE2ZhCYaYA8zkhzfYs"},"fileId":"c4aJ2JBRROJ7nnPNNYVm/A"},"_contentSize":{"__type__":"cc.Size","width":948,"height":240}}],{"__type__":"cc.SpriteFrame","content":{"name":"logo","texture":"0e6M1Oh7JBcoX5eu/WXWLE","rect":[0,0,948,240],"offset":[0,0],"originalSize":[948,240],"capInsets":[0,0,0,0]}}]