{"importBase":"import","nativeBase":"native","name":"main","deps":["internal"],"uuids":["03yDkap3ZLcIfT9jPQKkhZ","07veRFOMFPB5DAQBjvGr/4","35Osn2gFZA85Qj2f4zxpo3","6fAc9/gb9Kfr1dCvwZaWSA@b47c0@40c10","6fAc9/gb9Kfr1dCvwZaWSA@b47c0@74afd","6fAc9/gb9Kfr1dCvwZaWSA@b47c0@7d38f","6fAc9/gb9Kfr1dCvwZaWSA@b47c0@8fd34","6fAc9/gb9Kfr1dCvwZaWSA@b47c0@bb97f","6fAc9/gb9Kfr1dCvwZaWSA@b47c0@e9a6d","baIUdvKGZPgZxNbjWTFuRI","d0MqyYBeFAkIi762QNy1/B@b47c0@40c10","d0MqyYBeFAkIi762QNy1/B@b47c0@74afd","d0MqyYBeFAkIi762QNy1/B@b47c0@7d38f","d0MqyYBeFAkIi762QNy1/B@b47c0@8fd34","d0MqyYBeFAkIi762QNy1/B@b47c0@bb97f","d0MqyYBeFAkIi762QNy1/B@b47c0@e9a6d","d84ZugqUpCNoT4OAHhyw0E","f0A7W6dnNPYI9xnXl0gRfn","fdjsU2o1RKF5x0TziDw3jI","03yDkap3ZLcIfT9jPQKkhZ@6c48a","03yDkap3ZLcIfT9jPQKkhZ@f9941","08fcdf4e2","0bddbf0de","0ed7ba641","0f9128d90","6fAc9/gb9Kfr1dCvwZaWSA@b47c0","d0MqyYBeFAkIi762QNy1/B@b47c0","d7o+pKeyNIZp2KX3h+oC3n","d84ZugqUpCNoT4OAHhyw0E@6c48a","d84ZugqUpCNoT4OAHhyw0E@f9941","f0A7W6dnNPYI9xnXl0gRfn@6c48a","f0A7W6dnNPYI9xnXl0gRfn@f9941"],"paths":{"9":["db:/internal/physics/default-physics-material",1],"18":["db:/internal/default_renderpipeline/builtin-forward",0]},"scenes":{"db://assets/LoadScene/StartScene.scene":1,"db://assets/LoadScene/SceneLoader.scene":2},"packs":{"08fcdf4e2":["0","16","17"],"0bddbf0de":["2","31"],"0ed7ba641":["20","1","25","3","4","5","6","7","8","26","10","11","12","13","14","15","27","29"],"0f9128d90":["19","28","30"]},"versions":{"import":[21,"8ebdd",22,"c2b0a",23,"feb6b",24,"1fd7f",18,"731f4"],"native":[0,"dfe6c",3,"6f2af",4,"459f6",5,"6a9df",6,"dabf1",7,"ea0b7",8,"9e658",10,"d8477",11,"66393",12,"a5757",13,"2b5b1",14,"8000e",15,"3645b",16,"aab4a",17,"d9657"]},"redirect":[9,"0"],"debug":false,"extensionMap":{},"hasPreloadScript":true,"types":["cc.RenderPipeline","cc.PhysicsMaterial"],"encrypted":true}
