[{"__type__":"cc.SpriteFrame","content":{"name":"lost item hunt","texture":"dexffNnmhN75VJThCY06Y5","rect":[0,0,895,361],"offset":[0,0],"originalSize":[895,361],"capInsets":[0,0,0,0]}},{"__type__":"cc.SpriteFrame","content":{"name":"BR","texture":"bfRQEwcOFDq6k9OdXUAyy7","rect":[0,0,1080,1920],"offset":[0,0],"originalSize":[1080,1920],"capInsets":[0,0,0,0]}},[{"__type__":"cc.Prefab","_name":"bg","data":{"__id__":1}},{"__type__":"cc.Node","_name":"bg","_children":[{"__id__":2}],"_level":1,"_components":[{"__type__":"cc.Sprite","_name":"bg<Sprite>","node":{"__id__":1},"_materials":[{"__uuid__":"ecpdLyjvZBwrvm+cedCcQy"}],"_spriteFrame":{"__uuid__":"a8fC718mxGa5W7R3lOc03B"},"_type":2,"_sizeMode":0},{"__type__":"cc.Widget","node":{"__id__":1},"_alignFlags":21,"_top":-11.101999999999734,"_bottom":-814.8979999999997,"_originalWidth":1920,"_originalHeight":1080}],"_prefab":{"__type__":"cc.PrefabInfo","root":{"__id__":1},"asset":{"__uuid__":"c9+XDE2ZhCYaYA8zkhzfYs"},"fileId":"e2V4Yt/wlHpKhlTsEi+S7q"},"_contentSize":{"__type__":"cc.Size","width":2960,"height":1905.9999999999993},"_position":{"__type__":"cc.Vec3","x":960,"y":138.10199999999998}},{"__type__":"cc.Node","_name":"logo","_parent":{"__id__":1},"_level":2,"_components":[{"__type__":"cc.Sprite","_name":"logo<Sprite>","node":{"__id__":2},"_materials":[{"__uuid__":"ecpdLyjvZBwrvm+cedCcQy"}],"_spriteFrame":{"__uuid__":"a6vX9grM1AUJ7zMd1Rpkwy"}}],"_prefab":{"__type__":"cc.PrefabInfo","root":{"__id__":1},"asset":{"__uuid__":"c9+XDE2ZhCYaYA8zkhzfYs"},"fileId":"c4aJ2JBRROJ7nnPNNYVm/A"},"_contentSize":{"__type__":"cc.Size","width":895,"height":361},"_position":{"__type__":"cc.Vec3","y":327.864}}]]