{"importBase":"import","nativeBase":"native","name":"main","deps":["internal"],"uuids":["07veRFOMFPB5DAQBjvGr/4","35Osn2gFZA85Qj2f4zxpo3","6fAc9/gb9Kfr1dCvwZaWSA@b47c0@40c10","6fAc9/gb9Kfr1dCvwZaWSA@b47c0@74afd","6fAc9/gb9Kfr1dCvwZaWSA@b47c0@7d38f","6fAc9/gb9Kfr1dCvwZaWSA@b47c0@8fd34","6fAc9/gb9Kfr1dCvwZaWSA@b47c0@bb97f","6fAc9/gb9Kfr1dCvwZaWSA@b47c0@e9a6d","72EGoiP+pDErNYf5g1cFZ1","baIUdvKGZPgZxNbjWTFuRI","d0MqyYBeFAkIi762QNy1/B@b47c0@40c10","d0MqyYBeFAkIi762QNy1/B@b47c0@74afd","d0MqyYBeFAkIi762QNy1/B@b47c0@7d38f","d0MqyYBeFAkIi762QNy1/B@b47c0@8fd34","d0MqyYBeFAkIi762QNy1/B@b47c0@bb97f","d0MqyYBeFAkIi762QNy1/B@b47c0@e9a6d","e37TJZVHJH2o0IvKk1ukid","f0A7W6dnNPYI9xnXl0gRfn","fdjsU2o1RKF5x0TziDw3jI","013130157","021a5a2a7","09c9d8334","0bddbf0de","6fAc9/gb9Kfr1dCvwZaWSA@b47c0","72EGoiP+pDErNYf5g1cFZ1@6c48a","72EGoiP+pDErNYf5g1cFZ1@f9941","d0MqyYBeFAkIi762QNy1/B@b47c0","d7o+pKeyNIZp2KX3h+oC3n","e37TJZVHJH2o0IvKk1ukid@6c48a","e37TJZVHJH2o0IvKk1ukid@f9941","f0A7W6dnNPYI9xnXl0gRfn@6c48a","f0A7W6dnNPYI9xnXl0gRfn@f9941"],"paths":{"9":["db:/internal/physics/default-physics-material",1],"18":["db:/internal/default_renderpipeline/builtin-forward",0]},"scenes":{"db://assets/LoadScene/StartScene.scene":0,"db://assets/LoadScene/SceneLoader.scene":1},"packs":{"013130157":["8","16","17"],"021a5a2a7":["0","23","2","3","4","5","6","7","25","26","10","11","12","13","14","15","27","29"],"09c9d8334":["24","28","30"],"0bddbf0de":["1","31"]},"versions":{"import":[19,"8ebdd",20,"06f27",21,"ed2a1",22,"5147f",18,"731f4"],"native":[2,"6f2af",3,"459f6",4,"6a9df",5,"dabf1",6,"ea0b7",7,"9e658",8,"89bf0",10,"d8477",11,"66393",12,"a5757",13,"2b5b1",14,"8000e",15,"3645b",16,"009cf",17,"d9657"]},"redirect":[9,"0"],"debug":false,"extensionMap":{},"hasPreloadScript":true,"types":["cc.RenderPipeline","cc.PhysicsMaterial"],"encrypted":true}
