[{"__type__":"cc.SpriteFrame","content":{"name":"balon2-2","texture":"8bOeGYG9xHPZfny3aSoWVz","rect":[0,0,346,444],"offset":[0,0],"originalSize":[346,444],"capInsets":[0,0,0,0]}},{"__type__":"cc.SpriteFrame","content":{"name":"balon2","texture":"bc4re86GVC/4+Svj2Ekbuu","rect":[0,0,346,444],"offset":[0,0],"originalSize":[346,444],"capInsets":[0,0,0,0]}},{"__type__":"cc.SpriteFrame","content":{"name":"BG","texture":"139irUZRhA+pGnYDllJfwR","rect":[0,0,1920,1080],"offset":[0,0],"originalSize":[1920,1080],"capInsets":[0,0,0,0]}},[{"__type__":"cc.SceneAsset","_name":"GameLoader","scene":{"__id__":1},"asyncLoadAssets":null},{"__type__":"cc.Scene","_name":"New Node","_children":[{"__id__":2},{"__id__":13}],"_active":false,"_anchorPoint":{"__type__":"cc.Vec2"},"autoReleaseAssets":false},{"__type__":"cc.Node","_name":"Canvas","_parent":{"__id__":1},"_children":[{"__id__":3},{"__id__":4},{"__id__":6}],"_level":1,"_components":[{"__type__":"cc.Canvas","node":{"__id__":2},"_designResolution":{"__type__":"cc.Size","width":1920,"height":1080}},{"__type__":"cc.Widget","node":{"__id__":2},"_alignFlags":45}],"_contentSize":{"__type__":"cc.Size","width":1920,"height":1080},"_position":{"__type__":"cc.Vec3","x":960,"y":540},"_id":"a5esZu+45LA5mBpvttspPD"},{"__type__":"cc.Node","_name":"Main Camera","_parent":{"__id__":2},"_components":[{"__type__":"cc.Camera","node":{"__id__":3},"_clearFlags":7,"_backgroundColor":{"__type__":"cc.Color","r":140,"g":141,"b":141},"_depth":-1}],"_position":{"__type__":"cc.Vec3","z":935.3074360871938}},{"__type__":"cc.Node","_name":"bg","_parent":{"__id__":2},"_children":[{"__id__":5}],"_level":2,"_components":[{"__type__":"cc.Sprite","_name":"bg<Sprite>","node":{"__id__":4},"_materials":[{"__uuid__":"ecpdLyjvZBwrvm+cedCcQy"}],"_spriteFrame":{"__uuid__":"5clh8dkIFGHY9RNca5TpdD"},"_sizeMode":0},{"__type__":"cc.Widget","node":{"__id__":4},"_alignFlags":21,"_originalWidth":1920,"_originalHeight":1080}],"_prefab":{"__type__":"cc.PrefabInfo","root":{"__id__":4},"asset":{"__uuid__":"c9+XDE2ZhCYaYA8zkhzfYs"},"fileId":"e2V4Yt/wlHpKhlTsEi+S7q"},"_contentSize":{"__type__":"cc.Size","width":2960,"height":1080}},{"__type__":"cc.Node","_name":"logo","_parent":{"__id__":4},"_level":2,"_components":[{"__type__":"cc.Sprite","_name":"logo<Sprite>","node":{"__id__":5},"_materials":[{"__uuid__":"ecpdLyjvZBwrvm+cedCcQy"}],"_spriteFrame":{"__uuid__":"beZ/EbmVtLaZM5UF4CGbKV"}}],"_prefab":{"__type__":"cc.PrefabInfo","root":{"__id__":4},"asset":{"__uuid__":"c9+XDE2ZhCYaYA8zkhzfYs"},"fileId":"c4aJ2JBRROJ7nnPNNYVm/A"},"_contentSize":{"__type__":"cc.Size","width":714,"height":327},"_position":{"__type__":"cc.Vec3","y":169.195}},{"__type__":"cc.Node","_name":"progressBar","_parent":{"__id__":2},"_children":[{"__id__":7},{"__id__":8},{"__id__":10}],"_level":2,"_components":[{"__type__":"cc.Sprite","_name":"bgbar<Sprite>","node":{"__id__":6},"_materials":[{"__uuid__":"ecpdLyjvZBwrvm+cedCcQy"}],"_spriteFrame":{"__uuid__":"01DZ6lFUBL4oU8bcu9tVUZ"}},{"__id__":12},{"__type__":"cc.Widget","node":{"__id__":6},"_left":460,"_right":460,"_top":891.02,"_bottom":138.98,"_originalWidth":1000,"_originalHeight":50}],"_prefab":{"__type__":"cc.PrefabInfo","root":{"__id__":6},"asset":{"__uuid__":"41gBTXTB9HZbfTE1PAhmOS"},"fileId":"d3i31G1CFF74JaeNg4tYn6"},"_color":{"__type__":"cc.Color","r":216,"g":216,"b":216},"_contentSize":{"__type__":"cc.Size","width":346,"height":444},"_position":{"__type__":"cc.Vec3","y":-224.918},"_scale":{"__type__":"cc.Vec3","x":0.8,"y":0.8,"z":0.8}},{"__type__":"cc.Node","_name":"bar copy","_parent":{"__id__":6},"_level":2,"_components":[{"__type__":"cc.Sprite","_name":"bar copy<Sprite>","node":{"__id__":7},"_materials":[{"__uuid__":"ecpdLyjvZBwrvm+cedCcQy"}],"_spriteFrame":{"__uuid__":"01DZ6lFUBL4oU8bcu9tVUZ"},"_fillRange":1,"_isTrimmedMode":false},{"__type__":"cc.Widget","node":{"__id__":7},"_alignFlags":45,"_left":3.460000000000008,"_right":3.460000000000008,"_top":4.439999999999998,"_bottom":4.439999999999998,"_originalWidth":346,"_originalHeight":444}],"_prefab":{"__type__":"cc.PrefabInfo","root":{"__id__":6},"asset":{"__uuid__":"41gBTXTB9HZbfTE1PAhmOS"},"fileId":"4aeBCRMctP4bBGMaViFYxR"},"_color":{"__type__":"cc.Color","r":74,"g":80,"b":83},"_contentSize":{"__type__":"cc.Size","width":346,"height":444},"_scale":{"__type__":"cc.Vec3","x":0.98,"y":0.98,"z":0.98}},{"__type__":"cc.Node","_name":"bar","_parent":{"__id__":6},"_components":[{"__id__":9},{"__type__":"cc.Widget","node":{"__id__":8},"_alignFlags":45,"_left":3.460000000000008,"_right":3.460000000000008,"_top":4.439999999999998,"_bottom":4.439999999999998,"_originalWidth":346,"_originalHeight":444}],"_prefab":{"__type__":"cc.PrefabInfo","root":{"__id__":6},"asset":{"__uuid__":"41gBTXTB9HZbfTE1PAhmOS"},"fileId":"a4bEziBRpMm4uAr3CKocPs"},"_contentSize":{"__type__":"cc.Size","width":346,"height":444},"_scale":{"__type__":"cc.Vec3","x":0.98,"y":0.98,"z":0.98}},{"__type__":"cc.Sprite","_name":"bar<Sprite>","node":{"__id__":8},"_materials":[{"__uuid__":"ecpdLyjvZBwrvm+cedCcQy"}],"_spriteFrame":{"__uuid__":"04cwizd2ZA1ZBkPmFGw1Me"},"_type":3,"_fillType":1,"_isTrimmedMode":false},{"__type__":"cc.Node","_name":"New Label","_parent":{"__id__":6},"_level":2,"_components":[{"__id__":11},{"__type__":"cc.LabelOutline","node":{"__id__":10}},{"__type__":"cc.LabelShadow","node":{"__id__":10}}],"_prefab":{"__type__":"cc.PrefabInfo","root":{"__id__":6},"asset":{"__uuid__":"41gBTXTB9HZbfTE1PAhmOS"},"fileId":"af62naqEVEoK9NwsIII26o"},"_color":{"__type__":"cc.Color","r":119,"g":35,"b":131},"_contentSize":{"__type__":"cc.Size","width":300,"height":302.4},"_position":{"__type__":"cc.Vec3","y":4.056}},{"__type__":"cc.Label","_name":"New Label<Label>","node":{"__id__":10},"_materials":[{"__uuid__":"ecpdLyjvZBwrvm+cedCcQy"}],"_useOriginalSize":false,"_string":"100%","_N$string":"100%","_fontSize":80,"_N$file":{"__uuid__":"bfxtIqh6xCpYObA32XxIAy"},"_isSystemFontUsed":false,"_N$horizontalAlign":1,"_N$verticalAlign":1,"_N$overflow":1},{"__type__":"cc.ProgressBar","node":{"__id__":6},"_N$barSprite":{"__id__":9},"_N$mode":2,"_N$progress":0},{"__type__":"cc.Node","_name":"LoadGameController","_parent":{"__id__":1},"_level":1,"_components":[{"__type__":"89e3bULnINAO5LStk1zefH7","node":{"__id__":13},"progressBar":{"__id__":12},"labelLoading":{"__id__":11}}],"_id":"e9e/uY8j9H1ahk4+HzS1vY"}],{"__type__":"cc.SpriteFrame","content":{"name":"logo","texture":"a7BnHEuPxJma7TxNve+LPF","rect":[0,0,714,327],"offset":[0,0],"originalSize":[714,327],"capInsets":[0,0,0,0]}}]