[{"__type__":"cc.SpriteFrame","content":{"name":"original-d0568c8c0f95d387a1a1111ca9d168a5","texture":"82iqhCPU9Jz4I4ZqCzMV0j","rect":[0,0,5774,3241],"offset":[0,0],"originalSize":[5774,3241],"capInsets":[0,0,0,0]}},{"__type__":"cc.SpriteFrame","content":{"name":"Goal Kings","texture":"9fVTzFfWpMOaLbI+NUpNb9","rect":[0,0,1025,209],"offset":[0,0],"originalSize":[1025,209],"capInsets":[0,0,0,0]}},[{"__type__":"cc.Prefab","_name":"bg","data":{"__id__":1}},{"__type__":"cc.Node","_name":"bg","_children":[{"__id__":2}],"_level":1,"_components":[{"__type__":"cc.Sprite","_name":"bg<Sprite>","node":{"__id__":1},"_materials":[{"__uuid__":"ecpdLyjvZBwrvm+cedCcQy"}],"_spriteFrame":{"__uuid__":"6e84LsD3hDZ43anCZSWRIr"},"_type":1,"_sizeMode":0},{"__type__":"cc.Widget","node":{"__id__":1},"_alignFlags":21,"_originalWidth":1920,"_originalHeight":1080}],"_prefab":{"__type__":"cc.PrefabInfo","root":{"__id__":1},"asset":{"__uuid__":"c9+XDE2ZhCYaYA8zkhzfYs"},"fileId":"e2V4Yt/wlHpKhlTsEi+S7q"},"_contentSize":{"__type__":"cc.Size","width":2960,"height":1080},"_position":{"__type__":"cc.Vec3","x":960,"y":540}},{"__type__":"cc.Node","_name":"logo","_parent":{"__id__":1},"_level":2,"_components":[{"__type__":"cc.Sprite","_name":"logo<Sprite>","node":{"__id__":2},"_materials":[{"__uuid__":"ecpdLyjvZBwrvm+cedCcQy"}],"_spriteFrame":{"__uuid__":"97n57dxRpIlKKBsbUvHLCa"}}],"_prefab":{"__type__":"cc.PrefabInfo","root":{"__id__":1},"asset":{"__uuid__":"c9+XDE2ZhCYaYA8zkhzfYs"},"fileId":"c4aJ2JBRROJ7nnPNNYVm/A"},"_contentSize":{"__type__":"cc.Size","width":1025,"height":209}}]]