{"importBase":"import","nativeBase":"native","name":"main","deps":["internal"],"uuids":["07veRFOMFPB5DAQBjvGr/4","31SQaJA8xAr6o8XbdFEZY9","35Osn2gFZA85Qj2f4zxpo3","6fAc9/gb9Kfr1dCvwZaWSA@b47c0@40c10","6fAc9/gb9Kfr1dCvwZaWSA@b47c0@74afd","6fAc9/gb9Kfr1dCvwZaWSA@b47c0@7d38f","6fAc9/gb9Kfr1dCvwZaWSA@b47c0@8fd34","6fAc9/gb9Kfr1dCvwZaWSA@b47c0@bb97f","6fAc9/gb9Kfr1dCvwZaWSA@b47c0@e9a6d","baIUdvKGZPgZxNbjWTFuRI","c8mXYlvIlI9aSR9hCyAajz","d0MqyYBeFAkIi762QNy1/B@b47c0@40c10","d0MqyYBeFAkIi762QNy1/B@b47c0@74afd","d0MqyYBeFAkIi762QNy1/B@b47c0@7d38f","d0MqyYBeFAkIi762QNy1/B@b47c0@8fd34","d0MqyYBeFAkIi762QNy1/B@b47c0@bb97f","d0MqyYBeFAkIi762QNy1/B@b47c0@e9a6d","f0A7W6dnNPYI9xnXl0gRfn","fdjsU2o1RKF5x0TziDw3jI","01cc4496d","0a52ea7e5","0bc7ce5b6","0bddbf0de","31SQaJA8xAr6o8XbdFEZY9@6c48a","31SQaJA8xAr6o8XbdFEZY9@f9941","6fAc9/gb9Kfr1dCvwZaWSA@b47c0","c8mXYlvIlI9aSR9hCyAajz@6c48a","c8mXYlvIlI9aSR9hCyAajz@f9941","d0MqyYBeFAkIi762QNy1/B@b47c0","d7o+pKeyNIZp2KX3h+oC3n","f0A7W6dnNPYI9xnXl0gRfn@6c48a","f0A7W6dnNPYI9xnXl0gRfn@f9941"],"paths":{"9":["db:/internal/physics/default-physics-material",1],"18":["db:/internal/default_renderpipeline/builtin-forward",0]},"scenes":{"db://assets/LoadScene/StartScene.scene":0,"db://assets/LoadScene/SceneLoader.scene":2},"packs":{"01cc4496d":["1","10","17"],"0a52ea7e5":["23","26","30"],"0bc7ce5b6":["0","24","25","3","4","5","6","7","8","27","28","11","12","13","14","15","16","29"],"0bddbf0de":["2","31"]},"versions":{"import":[19,"8ebdd",20,"2fbe8",21,"f6d4d",22,"9dbf6",18,"731f4"],"native":[1,"4ce96",3,"6f2af",4,"459f6",5,"6a9df",6,"dabf1",7,"ea0b7",8,"9e658",10,"43d4e",11,"d8477",12,"66393",13,"a5757",14,"2b5b1",15,"8000e",16,"3645b",17,"d9657"]},"redirect":[9,"0"],"debug":false,"extensionMap":{},"hasPreloadScript":true,"types":["cc.RenderPipeline","cc.PhysicsMaterial"],"encrypted":true}
