[1,["f0A7W6dnNPYI9xnXl0gRfn@f9941","d7o+pKeyNIZp2KX3h+oC3n","6fAc9/gb9Kfr1dCvwZaWSA@b47c0","d0MqyYBeFAkIi762QNy1/B@b47c0","f0A7W6dnNPYI9xnXl0gRfn@6c48a"],["node","_spriteFrame","_cameraComponent","progressBar","transform","root","scene","_parent","asset","_envmapHDR","_envmapLDR","_textureSource"],[["cc.Node",["_name","_layer","_id","_objFlags","__editorExtras__","_components","_lpos","_parent","_children","_lscale","_prefab"],-2,12,5,1,2,5,4],["cc.Sprite",["_type","_sizeMode","_fillRange","node","_color","_spriteFrame"],0,1,5,6],["cc.Widget",["_alignFlags","_top","_bottom","_left","_right","_originalHeight","node"],-3,1],["cc.UITransform",["node","_contentSize","_anchorPoint"],3,1,5,5],"cc.SpriteFrame",["cc.SceneAsset",["_name"],2],["cc.Node",["_name","_layer","_parent","_components","_lpos"],1,1,9,5],["cc.Node",["_name","_parent","_components","_lpos"],2,1,2,5],["cc.Canvas",["node","_cameraComponent"],3,1,1],["b5049GmvGJLpK0Kp6DG9vNi",["listBG","node","background","loadingLabel","transform","progressBar"],2,1,4,4,1,1],["cc.Label",["_string","_actualFontSize","_fontSize","_overflow","_isBold"],-2],["cc.TargetInfo",["localID"],2],["cc.PrefabInfo",["fileId","targetOverrides","nestedPrefabInstanceRoots","root","instance","asset"],0,1,4,6],["cc.PrefabInfo",["root","asset","fileId","instance","targetOverrides","nestedPrefabInstanceRoots"],-2,2],["cc.PrefabInstance",["fileId","prefabRootNode","propertyOverrides"],1,9],["CCPropertyOverrideInfo",["value","propertyPath","targetInfo"],1,1],["CCPropertyOverrideInfo",["propertyPath","targetInfo","value"],2,1,8],["CCPropertyOverrideInfo",["propertyPath","targetInfo","value"],2,4,8],["cc.Scene",["_name","_children","_prefab","_globals"],2,2,4,4],["cc.SceneGlobals",["ambient","shadows","_skybox","fog","octree","lightProbeInfo"],3,4,4,4,4,4,4],["cc.AmbientInfo",["_skyIllumLDR","_skyColorHDR","_groundAlbedoHDR","_skyColorLDR","_groundAlbedoLDR"],2,5,5,5,5],["cc.ShadowsInfo",["_shadowColor"],3,5],["cc.SkyboxInfo",["_envmapHDR","_envmapLDR"],3,6,6],["cc.FogInfo",["_fogDensity","_fogRange"],1],["cc.OctreeInfo",[],3],["cc.LightProbeInfo",[],3],["cc.Camera",["_projection","_priority","_orthoHeight","_far","_visibility","node","_color"],-2,1,5],["cc.ProgressBar",["_mode","_progress","node","_barSprite"],1,1,1]],[[15,0,1,2,3],[11,0,2],[16,0,1,2,2],[3,0,1,1],[3,0,1,2,1],[5,0,2],[0,0,1,2,8,5,6,4],[0,0,1,7,8,5,6,9,3],[0,3,4,7,10,3],[0,0,1,7,5,6,3],[6,0,1,2,3,4,3],[7,0,1,2,3,2],[8,0,1,1],[2,0,3,4,1,2,6,6],[2,0,1,2,5,6,5],[9,0,1,2,3,4,5,2],[1,1],[1,0,1,3,4,5,3],[1,0,1,2,3,5,4],[1,0,1,3,4,3],[10,0,1,2,3,4,6],[12,0,1,2,3,4,5,4],[13,0,1,2,3,4,5,6],[14,0,1,2,3],[17,0,1,2,2],[18,0,1,2,3,2],[19,0,1,2,3,4,5,1],[20,0,1,2,3,4,2],[21,0,1],[22,0,1,1],[23,0,1,3],[24,1],[25,1],[26,0,1,2,3,4,5,6,6],[27,0,1,2,3,3]],[[[[5,"SceneLoader"],[6,"Canvas",33554432,"f3a5zjj99IwbSu9+QJo93J",[-8,-9,-10],[[-1,[12,-3,-2],[13,45,5.684341886080802e-14,5.684341886080802e-14,1.1368683772161603e-13,1.1368683772161603e-13,-4],[15,[null,null,null],-7,[16],[20,"ĐANG TẢI...",51,50,2,true],-6,-5]],1,4,4,4],[1,960,540.0000000000001,0]],[7,"ProgressBar",33554432,1,[-15,-16],[[[3,-11,[5,1005.2,47.7]],[17,1,0,-12,[4,2768701191],2],-13,[14,20,772.5,300,15,-14]],4,4,1,4],[1,0,-220.92,0],[1,0.8,0.8,0.8]],[1,["3a6c463d-4ea5-459e-be00-5b66f15a02cd"]],[1,["066+t5mWFEPaofIyZ2ErPt"]],[8,0,{"editorOnly":true},1,[21,"3a6c463d-4ea5-459e-be00-5b66f15a02cd",null,null,-17,[23,"8aZ38ez/1BQoTJp3yKfcmr",null,[[0,"BG",["_name"],3],[2,["_lpos"],3,[1,0,0,0]],[2,["_lrot"],3,[3,0,0,0,1]],[2,["_euler"],3,[1,0,0,0]],[24,["_contentSize"],[1,["00vMLGW/lJVKenBluJFH92"]],[5,1080,1920]],[0,0,["_left"],4],[0,0,["_right"],4],[0,0,["_bottom"],4],[0,0,["_top"],4]]],0]],[10,"BgBar",33554432,2,[[4,-18,[5,992,31],[0,0,0.5]],[18,3,0,1,-19,1]],[1,-496.85,0.05,0]],[9,"Bar",33554432,2,[[[4,-20,[5,992,31],[0,0,0.5]],-21],4,1],[1,-496.85,0.05,0]],[25,"SceneLoader",[1],[22,null,null,"353ac9f6-8056-40f3-9423-d9fe33c69a37",null,null,[5]],[26,[27,0.800000011920929,[2,0.4525879919528961,0.6076419949531555,0.7556989789009094,0.520833125],[2,0.6185550093650818,0.5778480172157288,0.5445640087127686,0],[2,0.4525879919528961,0.6076419949531555,0.7556989789009094,0],[2,0.6185550093650818,0.5778480172157288,0.5445640087127686,0]],[28,[4,4283190348]],[29,3,4],[30,0.30000001192092896,1.2000000476837158],[31],[32]]],[11,"Camera",1,[-22],[1,0,0,1000]],[33,0,1073741824,858.7570621468927,2000,41943040,9,[4,4290156800]],[19,3,0,7,[4,4278665461]],[34,2,0,2,11],[3,1,[5,1920,1080]]],0,[0,-1,13,0,2,10,0,0,1,0,0,1,0,3,12,0,4,13,0,0,1,0,-1,9,0,-2,5,0,-3,2,0,0,2,0,0,2,0,-3,12,0,0,2,0,-1,6,0,-2,7,0,5,5,0,0,6,0,0,6,0,0,7,0,-2,11,0,-1,10,0,6,8,1,7,8,22],[0,0,0,0,0,11],[8,1,1,9,10,1],[1,0,0,2,3,0]],[[{"name":"loading bar","rect":{"x":0,"y":0,"width":1106,"height":41},"offset":{"x":0,"y":0},"originalSize":{"width":1106,"height":41},"rotated":false,"capInsets":[0,0,0,0],"vertices":{"rawPosition":[-553,-20.5,0,553,-20.5,0,-553,20.5,0,553,20.5,0],"indexes":[0,1,2,2,1,3],"uv":[0,41,1106,41,0,0,1106,0],"nuv":[0,0,1,0,0,1,1,1],"minPos":{"x":-553,"y":-20.5,"z":0},"maxPos":{"x":553,"y":20.5,"z":0}},"packable":true,"pixelsToUnit":100,"pivot":{"x":0.5,"y":0.5},"meshType":0}],[4],0,[0],[11],[4]]]]
