[[{"__type__":"cc.Prefab","_name":"progressBar","data":{"__id__":1}},{"__type__":"cc.Node","_name":"bgbar","_children":[{"__id__":2},{"__id__":3},{"__id__":5},{"__id__":16}],"_level":1,"_components":[{"__type__":"cc.Sprite","node":{"__id__":1},"_materials":[{"__uuid__":"ecpdLyjvZBwrvm+cedCcQy"}],"_spriteFrame":{"__uuid__":"75fowJradGepe6OM/vbqJr"},"_type":1,"_sizeMode":0},{"__type__":"cc.ProgressBar","node":{"__id__":1},"_N$barSprite":{"__id__":4},"_N$mode":2,"_N$progress":0.9},{"__type__":"cc.Widget","node":{"__id__":1},"_left":460,"_right":460,"_top":891.02,"_bottom":138.98,"_originalWidth":1000,"_originalHeight":50}],"_prefab":{"__type__":"cc.PrefabInfo","root":{"__id__":1},"asset":{"__uuid__":"41gBTXTB9HZbfTE1PAhmOS"},"fileId":"d3i31G1CFF74JaeNg4tYn6"},"_color":{"__type__":"cc.Color","r":126,"g":126,"b":126},"_contentSize":{"__type__":"cc.Size","width":1000,"height":50},"_position":{"__type__":"cc.Vec3","y":-376.02}},{"__type__":"cc.Node","_name":"bar copy","_parent":{"__id__":1},"_level":2,"_components":[{"__type__":"cc.Sprite","node":{"__id__":2},"_materials":[{"__uuid__":"ecpdLyjvZBwrvm+cedCcQy"}],"_spriteFrame":{"__uuid__":"75fowJradGepe6OM/vbqJr"},"_type":3,"_sizeMode":0,"_fillRange":1,"_isTrimmedMode":false}],"_prefab":{"__type__":"cc.PrefabInfo","root":{"__id__":1},"asset":{"__uuid__":"41gBTXTB9HZbfTE1PAhmOS"},"fileId":"4aeBCRMctP4bBGMaViFYxR"},"_color":{"__type__":"cc.Color","r":180,"g":180,"b":180},"_contentSize":{"__type__":"cc.Size","width":984,"height":36},"_anchorPoint":{"__type__":"cc.Vec2","y":0.5},"_position":{"__type__":"cc.Vec3","x":-492}},{"__type__":"cc.Node","_name":"bar","_parent":{"__id__":1},"_components":[{"__id__":4}],"_prefab":{"__type__":"cc.PrefabInfo","root":{"__id__":1},"asset":{"__uuid__":"41gBTXTB9HZbfTE1PAhmOS"},"fileId":"a4bEziBRpMm4uAr3CKocPs"},"_contentSize":{"__type__":"cc.Size","width":984,"height":36},"_anchorPoint":{"__type__":"cc.Vec2","y":0.5},"_position":{"__type__":"cc.Vec3","x":-492}},{"__type__":"cc.Sprite","node":{"__id__":3},"_materials":[{"__uuid__":"ecpdLyjvZBwrvm+cedCcQy"}],"_spriteFrame":{"__uuid__":"75fowJradGepe6OM/vbqJr"},"_type":3,"_sizeMode":0,"_fillRange":0.9,"_isTrimmedMode":false},{"__type__":"cc.Node","_name":"richtext","_parent":{"__id__":1},"_children":[{"__id__":6},{"__id__":7},{"__id__":8},{"__id__":9},{"__id__":10},{"__id__":11},{"__id__":12},{"__id__":13},{"__id__":14},{"__id__":15}],"_level":2,"_components":[{"__type__":"cc.RichText","node":{"__id__":5},"_isSystemFontUsed":false,"_N$string":"<color=#512339>L</c><color=#6F2643>o</c><color=#882A4B>a</c><color=#B3325C>d</c><color=#D2466D>i</c><color=#E0617F>n</c><color=#E88194>g</c><color=#E88194>.</c><color=#E88194>.</c><color=#E88194>.</color>","_N$fontSize":35,"_N$font":{"__uuid__":"d4Xu/hfM5K17Wl+HzX90cv"},"_N$lineHeight":50}],"_prefab":{"__type__":"cc.PrefabInfo","root":{"__id__":1},"asset":{"__uuid__":"41gBTXTB9HZbfTE1PAhmOS"},"fileId":"3fJ25i2sBOHZTpTAa7FVlb"},"_contentSize":{"__type__":"cc.Size","width":132.44,"height":63}},{"__type__":"cc.PrivateNode","_name":"RICHTEXT_CHILD","_objFlags":1024,"_parent":{"__id__":5},"_level":3,"_components":[{"__type__":"cc.Label","node":{"__id__":6},"_materials":[{"__uuid__":"ecpdLyjvZBwrvm+cedCcQy"}],"_string":"L","_N$string":"L","_fontSize":35,"_lineHeight":50,"_N$file":{"__uuid__":"d4Xu/hfM5K17Wl+HzX90cv"},"_isSystemFontUsed":false,"_N$verticalAlign":1}],"_prefab":{"__type__":"cc.PrefabInfo","root":{"__id__":1},"asset":{"__uuid__":"41gBTXTB9HZbfTE1PAhmOS"},"fileId":"4bu5Lkk+RB1rhLZKxjtWG2"},"_color":{"__type__":"cc.Color","r":81,"g":35,"b":57},"_contentSize":{"__type__":"cc.Size","width":13.31,"height":63},"_anchorPoint":{"__type__":"cc.Vec2"},"_position":{"__type__":"cc.Vec3","x":-66.22,"y":-31.5}},{"__type__":"cc.PrivateNode","_name":"RICHTEXT_CHILD","_objFlags":1024,"_parent":{"__id__":5},"_level":3,"_components":[{"__type__":"cc.Label","node":{"__id__":7},"_materials":[{"__uuid__":"ecpdLyjvZBwrvm+cedCcQy"}],"_string":"o","_N$string":"o","_fontSize":35,"_lineHeight":50,"_N$file":{"__uuid__":"d4Xu/hfM5K17Wl+HzX90cv"},"_isSystemFontUsed":false,"_N$verticalAlign":1}],"_prefab":{"__type__":"cc.PrefabInfo","root":{"__id__":1},"asset":{"__uuid__":"41gBTXTB9HZbfTE1PAhmOS"},"fileId":"80EwzFSH1AWL6x6B4dxVZk"},"_color":{"__type__":"cc.Color","r":111,"g":38,"b":67},"_contentSize":{"__type__":"cc.Size","width":17.89,"height":63},"_anchorPoint":{"__type__":"cc.Vec2"},"_position":{"__type__":"cc.Vec3","x":-52.91,"y":-31.5}},{"__type__":"cc.PrivateNode","_name":"RICHTEXT_CHILD","_objFlags":1024,"_parent":{"__id__":5},"_level":3,"_components":[{"__type__":"cc.Label","node":{"__id__":8},"_materials":[{"__uuid__":"ecpdLyjvZBwrvm+cedCcQy"}],"_string":"a","_N$string":"a","_fontSize":35,"_lineHeight":50,"_N$file":{"__uuid__":"d4Xu/hfM5K17Wl+HzX90cv"},"_isSystemFontUsed":false,"_N$verticalAlign":1}],"_prefab":{"__type__":"cc.PrefabInfo","root":{"__id__":1},"asset":{"__uuid__":"41gBTXTB9HZbfTE1PAhmOS"},"fileId":"61t/jvIstMa4tjGF6czT6l"},"_color":{"__type__":"cc.Color","r":136,"g":42,"b":75},"_contentSize":{"__type__":"cc.Size","width":17.64,"height":63},"_anchorPoint":{"__type__":"cc.Vec2"},"_position":{"__type__":"cc.Vec3","x":-35.019999999999996,"y":-31.5}},{"__type__":"cc.PrivateNode","_name":"RICHTEXT_CHILD","_objFlags":1024,"_parent":{"__id__":5},"_level":3,"_components":[{"__type__":"cc.Label","node":{"__id__":9},"_materials":[{"__uuid__":"ecpdLyjvZBwrvm+cedCcQy"}],"_string":"d","_N$string":"d","_fontSize":35,"_lineHeight":50,"_N$file":{"__uuid__":"d4Xu/hfM5K17Wl+HzX90cv"},"_isSystemFontUsed":false,"_N$verticalAlign":1}],"_prefab":{"__type__":"cc.PrefabInfo","root":{"__id__":1},"asset":{"__uuid__":"41gBTXTB9HZbfTE1PAhmOS"},"fileId":"65WSc212BFW4kstBB/xPG3"},"_color":{"__type__":"cc.Color","r":179,"g":50,"b":92},"_contentSize":{"__type__":"cc.Size","width":18.18,"height":63},"_anchorPoint":{"__type__":"cc.Vec2"},"_position":{"__type__":"cc.Vec3","x":-17.379999999999995,"y":-31.5}},{"__type__":"cc.PrivateNode","_name":"RICHTEXT_CHILD","_objFlags":1024,"_parent":{"__id__":5},"_level":3,"_components":[{"__type__":"cc.Label","node":{"__id__":10},"_materials":[{"__uuid__":"ecpdLyjvZBwrvm+cedCcQy"}],"_string":"i","_N$string":"i","_fontSize":35,"_lineHeight":50,"_N$file":{"__uuid__":"d4Xu/hfM5K17Wl+HzX90cv"},"_isSystemFontUsed":false,"_N$verticalAlign":1}],"_prefab":{"__type__":"cc.PrefabInfo","root":{"__id__":1},"asset":{"__uuid__":"41gBTXTB9HZbfTE1PAhmOS"},"fileId":"90RCR8TdhKkZ6ZXvM1oQZE"},"_color":{"__type__":"cc.Color","r":210,"g":70,"b":109},"_contentSize":{"__type__":"cc.Size","width":9.59,"height":63},"_anchorPoint":{"__type__":"cc.Vec2"},"_position":{"__type__":"cc.Vec3","x":0.8000000000000114,"y":-31.5}},{"__type__":"cc.PrivateNode","_name":"RICHTEXT_CHILD","_objFlags":1024,"_parent":{"__id__":5},"_level":3,"_components":[{"__type__":"cc.Label","node":{"__id__":11},"_materials":[{"__uuid__":"ecpdLyjvZBwrvm+cedCcQy"}],"_string":"n","_N$string":"n","_fontSize":35,"_lineHeight":50,"_N$file":{"__uuid__":"d4Xu/hfM5K17Wl+HzX90cv"},"_isSystemFontUsed":false,"_N$verticalAlign":1}],"_prefab":{"__type__":"cc.PrefabInfo","root":{"__id__":1},"asset":{"__uuid__":"41gBTXTB9HZbfTE1PAhmOS"},"fileId":"ecP4lcGudN/oBfHr98PTuf"},"_color":{"__type__":"cc.Color","r":224,"g":97,"b":127},"_contentSize":{"__type__":"cc.Size","width":18.3,"height":63},"_anchorPoint":{"__type__":"cc.Vec2"},"_position":{"__type__":"cc.Vec3","x":10.390000000000015,"y":-31.5}},{"__type__":"cc.PrivateNode","_name":"RICHTEXT_CHILD","_objFlags":1024,"_parent":{"__id__":5},"_level":3,"_components":[{"__type__":"cc.Label","node":{"__id__":12},"_materials":[{"__uuid__":"ecpdLyjvZBwrvm+cedCcQy"}],"_string":"g","_N$string":"g","_fontSize":35,"_lineHeight":50,"_N$file":{"__uuid__":"d4Xu/hfM5K17Wl+HzX90cv"},"_isSystemFontUsed":false,"_N$verticalAlign":1}],"_prefab":{"__type__":"cc.PrefabInfo","root":{"__id__":1},"asset":{"__uuid__":"41gBTXTB9HZbfTE1PAhmOS"},"fileId":"30FjHARrtEfpO9Ak6wx99K"},"_color":{"__type__":"cc.Color","r":232,"g":129,"b":148},"_contentSize":{"__type__":"cc.Size","width":18.15,"height":63},"_anchorPoint":{"__type__":"cc.Vec2"},"_position":{"__type__":"cc.Vec3","x":28.690000000000012,"y":-31.5}},{"__type__":"cc.PrivateNode","_name":"RICHTEXT_CHILD","_objFlags":1024,"_parent":{"__id__":5},"_level":3,"_components":[{"__type__":"cc.Label","node":{"__id__":13},"_materials":[{"__uuid__":"ecpdLyjvZBwrvm+cedCcQy"}],"_string":".","_N$string":".","_fontSize":35,"_lineHeight":50,"_N$file":{"__uuid__":"d4Xu/hfM5K17Wl+HzX90cv"},"_isSystemFontUsed":false,"_N$verticalAlign":1}],"_prefab":{"__type__":"cc.PrefabInfo","root":{"__id__":1},"asset":{"__uuid__":"41gBTXTB9HZbfTE1PAhmOS"},"fileId":"50V0KKwRBM+bEiT+4LXvf0"},"_color":{"__type__":"cc.Color","r":232,"g":129,"b":148},"_contentSize":{"__type__":"cc.Size","width":6.46,"height":63},"_anchorPoint":{"__type__":"cc.Vec2"},"_position":{"__type__":"cc.Vec3","x":46.84,"y":-31.5}},{"__type__":"cc.PrivateNode","_name":"RICHTEXT_CHILD","_objFlags":1024,"_parent":{"__id__":5},"_level":3,"_components":[{"__type__":"cc.Label","node":{"__id__":14},"_materials":[{"__uuid__":"ecpdLyjvZBwrvm+cedCcQy"}],"_string":".","_N$string":".","_fontSize":35,"_lineHeight":50,"_N$file":{"__uuid__":"d4Xu/hfM5K17Wl+HzX90cv"},"_isSystemFontUsed":false,"_N$verticalAlign":1}],"_prefab":{"__type__":"cc.PrefabInfo","root":{"__id__":1},"asset":{"__uuid__":"41gBTXTB9HZbfTE1PAhmOS"},"fileId":"301gjFyBtNW7S/6hllAihn"},"_color":{"__type__":"cc.Color","r":232,"g":129,"b":148},"_contentSize":{"__type__":"cc.Size","width":6.46,"height":63},"_anchorPoint":{"__type__":"cc.Vec2"},"_position":{"__type__":"cc.Vec3","x":53.3,"y":-31.5}},{"__type__":"cc.PrivateNode","_name":"RICHTEXT_CHILD","_objFlags":1024,"_parent":{"__id__":5},"_level":3,"_components":[{"__type__":"cc.Label","node":{"__id__":15},"_materials":[{"__uuid__":"ecpdLyjvZBwrvm+cedCcQy"}],"_string":".","_N$string":".","_fontSize":35,"_lineHeight":50,"_N$file":{"__uuid__":"d4Xu/hfM5K17Wl+HzX90cv"},"_isSystemFontUsed":false,"_N$verticalAlign":1}],"_prefab":{"__type__":"cc.PrefabInfo","root":{"__id__":1},"asset":{"__uuid__":"41gBTXTB9HZbfTE1PAhmOS"},"fileId":"26QO+3HWdL0aT5HTImRqUS"},"_color":{"__type__":"cc.Color","r":232,"g":129,"b":148},"_contentSize":{"__type__":"cc.Size","width":6.46,"height":63},"_anchorPoint":{"__type__":"cc.Vec2"},"_position":{"__type__":"cc.Vec3","x":59.75999999999999,"y":-31.5}},{"__type__":"cc.Node","_name":"New Label","_parent":{"__id__":1},"_active":false,"_level":2,"_components":[{"__type__":"cc.Label","node":{"__id__":16},"_materials":[{"__uuid__":"ecpdLyjvZBwrvm+cedCcQy"}],"_useOriginalSize":false,"_string":"Loading...","_N$string":"Loading...","_fontSize":30,"_N$file":{"__uuid__":"d4Xu/hfM5K17Wl+HzX90cv"},"_isSystemFontUsed":false,"_N$horizontalAlign":1,"_N$verticalAlign":1},{"__type__":"cc.LabelOutline","node":{"__id__":16},"_color":{"__type__":"cc.Color","r":54}},{"__type__":"cc.LabelShadow","node":{"__id__":16},"_color":{"__type__":"cc.Color","r":71,"g":29,"b":29}}],"_prefab":{"__type__":"cc.PrefabInfo","root":{"__id__":1},"asset":{"__uuid__":"41gBTXTB9HZbfTE1PAhmOS"},"fileId":"af62naqEVEoK9NwsIII26o"},"_color":{"__type__":"cc.Color","r":251,"g":239,"b":255},"_contentSize":{"__type__":"cc.Size","width":115.53,"height":52.4}}],{"__type__":"cc.SpriteFrame","content":{"name":"loading bar","texture":"5br4j4f7lNe4f2TiTndJ2I","rect":[0,0,1106,41],"offset":[0,0],"originalSize":[1106,41],"capInsets":[0,0,0,0]}}]