{"importBase":"import","nativeBase":"native","name":"main","deps":["internal"],"uuids":["07veRFOMFPB5DAQBjvGr/4","35Osn2gFZA85Qj2f4zxpo3","6fAc9/gb9Kfr1dCvwZaWSA@b47c0@40c10","6fAc9/gb9Kfr1dCvwZaWSA@b47c0@74afd","6fAc9/gb9Kfr1dCvwZaWSA@b47c0@7d38f","6fAc9/gb9Kfr1dCvwZaWSA@b47c0@8fd34","6fAc9/gb9Kfr1dCvwZaWSA@b47c0@bb97f","6fAc9/gb9Kfr1dCvwZaWSA@b47c0@e9a6d","76N3qEq2NE/ZO4LYw/KbMh","baIUdvKGZPgZxNbjWTFuRI","d0MqyYBeFAkIi762QNy1/B@b47c0@40c10","d0MqyYBeFAkIi762QNy1/B@b47c0@74afd","d0MqyYBeFAkIi762QNy1/B@b47c0@7d38f","d0MqyYBeFAkIi762QNy1/B@b47c0@8fd34","d0MqyYBeFAkIi762QNy1/B@b47c0@bb97f","d0MqyYBeFAkIi762QNy1/B@b47c0@e9a6d","f0A7W6dnNPYI9xnXl0gRfn","fdWCh3u25HKaj9QzuDkzl6","fdjsU2o1RKF5x0TziDw3jI","0308adae1","03fcb2073","09ae2a806","0bddbf0de","6fAc9/gb9Kfr1dCvwZaWSA@b47c0","76N3qEq2NE/ZO4LYw/KbMh@6c48a","76N3qEq2NE/ZO4LYw/KbMh@f9941","d0MqyYBeFAkIi762QNy1/B@b47c0","d7o+pKeyNIZp2KX3h+oC3n","f0A7W6dnNPYI9xnXl0gRfn@6c48a","f0A7W6dnNPYI9xnXl0gRfn@f9941","fdWCh3u25HKaj9QzuDkzl6@6c48a","fdWCh3u25HKaj9QzuDkzl6@f9941"],"paths":{"9":["db:/internal/physics/default-physics-material",1],"18":["db:/internal/default_renderpipeline/builtin-forward",0]},"scenes":{"db://assets/LoadScene/StartScene.scene":0,"db://assets/LoadScene/SceneLoader.scene":1},"packs":{"0308adae1":["8","16","17"],"03fcb2073":["24","28","30"],"09ae2a806":["0","23","2","3","4","5","6","7","25","26","10","11","12","13","14","15","27","31"],"0bddbf0de":["1","29"]},"versions":{"import":[19,"8ebdd",20,"cce17",21,"1af6b",22,"683f1",18,"731f4"],"native":[2,"6f2af",3,"459f6",4,"6a9df",5,"dabf1",6,"ea0b7",7,"9e658",8,"f9bae",10,"d8477",11,"66393",12,"a5757",13,"2b5b1",14,"8000e",15,"3645b",16,"d9657",17,"c0154"]},"redirect":[9,"0"],"debug":false,"extensionMap":{},"hasPreloadScript":true,"types":["cc.RenderPipeline","cc.PhysicsMaterial"],"encrypted":true}
