[{"__type__":"cc.SpriteFrame","content":{"name":"Rectangle 7","texture":"c1q9QNQ3ND946nfkM5Pzhv","rect":[0,0,1920,1080],"offset":[0,0],"originalSize":[1920,1080],"capInsets":[0,0,0,0]}},{"__type__":"cc.SpriteFrame","content":{"name":"DROP BALL","texture":"aaQQM/HwdAToq6piJ7uG5Z","rect":[0,0,989,295],"offset":[0,0],"originalSize":[989,295],"capInsets":[0,0,0,0]}},{"__type__":"cc.SpriteFrame","content":{"name":"loading bar","texture":"5br4j4f7lNe4f2TiTndJ2I","rect":[0,0,1106,41],"offset":[0,0],"originalSize":[1106,41],"capInsets":[0,0,0,0]}},[{"__type__":"cc.SceneAsset","_name":"GameLoader","scene":{"__id__":1},"asyncLoadAssets":null},{"__type__":"cc.Scene","_name":"New Node","_children":[{"__id__":2},{"__id__":23}],"_active":false,"_anchorPoint":{"__type__":"cc.Vec2"},"autoReleaseAssets":false},{"__type__":"cc.Node","_name":"Canvas","_parent":{"__id__":1},"_children":[{"__id__":3},{"__id__":4},{"__id__":6}],"_level":1,"_components":[{"__type__":"cc.Canvas","node":{"__id__":2},"_designResolution":{"__type__":"cc.Size","width":1920,"height":1080}},{"__type__":"cc.Widget","node":{"__id__":2},"_alignFlags":45}],"_contentSize":{"__type__":"cc.Size","width":1920,"height":1080},"_position":{"__type__":"cc.Vec3","x":960,"y":540},"_id":"a5esZu+45LA5mBpvttspPD"},{"__type__":"cc.Node","_name":"Main Camera","_parent":{"__id__":2},"_components":[{"__type__":"cc.Camera","node":{"__id__":3},"_clearFlags":7,"_backgroundColor":{"__type__":"cc.Color","r":69,"g":185,"b":207},"_depth":-1}],"_position":{"__type__":"cc.Vec3","z":367.19477120460203}},{"__type__":"cc.Node","_name":"bg","_parent":{"__id__":2},"_children":[{"__id__":5}],"_level":2,"_components":[{"__type__":"cc.Sprite","_name":"bg<Sprite>","node":{"__id__":4},"_materials":[{"__uuid__":"ecpdLyjvZBwrvm+cedCcQy"}],"_spriteFrame":{"__uuid__":"16hiLkORxFvoTn8hoAmLrf"},"_sizeMode":0},{"__type__":"cc.Widget","node":{"__id__":4},"_alignFlags":21,"_originalWidth":1920,"_originalHeight":1080}],"_prefab":{"__type__":"cc.PrefabInfo","root":{"__id__":4},"asset":{"__uuid__":"c9+XDE2ZhCYaYA8zkhzfYs"},"fileId":"e2V4Yt/wlHpKhlTsEi+S7q"},"_contentSize":{"__type__":"cc.Size","width":2960,"height":1080}},{"__type__":"cc.Node","_name":"logo","_parent":{"__id__":4},"_level":2,"_components":[{"__type__":"cc.Sprite","_name":"logo<Sprite>","node":{"__id__":5},"_materials":[{"__uuid__":"ecpdLyjvZBwrvm+cedCcQy"}],"_spriteFrame":{"__uuid__":"3eBC4tiM9ChqVuymM9QdI2"}}],"_prefab":{"__type__":"cc.PrefabInfo","root":{"__id__":4},"asset":{"__uuid__":"c9+XDE2ZhCYaYA8zkhzfYs"},"fileId":"c4aJ2JBRROJ7nnPNNYVm/A"},"_contentSize":{"__type__":"cc.Size","width":989,"height":295}},{"__type__":"cc.Node","_name":"progressBar","_parent":{"__id__":2},"_children":[{"__id__":7},{"__id__":8},{"__id__":10},{"__id__":21}],"_level":2,"_components":[{"__type__":"cc.Sprite","node":{"__id__":6},"_materials":[{"__uuid__":"ecpdLyjvZBwrvm+cedCcQy"}],"_spriteFrame":{"__uuid__":"75fowJradGepe6OM/vbqJr"},"_type":1,"_sizeMode":0},{"__id__":22},{"__type__":"cc.Widget","node":{"__id__":6},"_left":460,"_right":460,"_top":891.02,"_bottom":138.98,"_originalWidth":1000,"_originalHeight":50}],"_prefab":{"__type__":"cc.PrefabInfo","root":{"__id__":6},"asset":{"__uuid__":"41gBTXTB9HZbfTE1PAhmOS"},"fileId":"d3i31G1CFF74JaeNg4tYn6"},"_color":{"__type__":"cc.Color","r":228,"g":116,"b":31},"_contentSize":{"__type__":"cc.Size","width":1000,"height":50},"_position":{"__type__":"cc.Vec3","y":-376.02}},{"__type__":"cc.Node","_name":"bar copy","_parent":{"__id__":6},"_level":2,"_components":[{"__type__":"cc.Sprite","node":{"__id__":7},"_materials":[{"__uuid__":"ecpdLyjvZBwrvm+cedCcQy"}],"_spriteFrame":{"__uuid__":"75fowJradGepe6OM/vbqJr"},"_type":3,"_sizeMode":0,"_fillRange":1,"_isTrimmedMode":false}],"_prefab":{"__type__":"cc.PrefabInfo","root":{"__id__":6},"asset":{"__uuid__":"41gBTXTB9HZbfTE1PAhmOS"},"fileId":"4aeBCRMctP4bBGMaViFYxR"},"_color":{"__type__":"cc.Color","r":180,"g":180,"b":180},"_contentSize":{"__type__":"cc.Size","width":984,"height":36},"_anchorPoint":{"__type__":"cc.Vec2","y":0.5},"_position":{"__type__":"cc.Vec3","x":-492}},{"__type__":"cc.Node","_name":"bar","_parent":{"__id__":6},"_components":[{"__id__":9}],"_prefab":{"__type__":"cc.PrefabInfo","root":{"__id__":6},"asset":{"__uuid__":"41gBTXTB9HZbfTE1PAhmOS"},"fileId":"a4bEziBRpMm4uAr3CKocPs"},"_contentSize":{"__type__":"cc.Size","width":984,"height":36},"_anchorPoint":{"__type__":"cc.Vec2","y":0.5},"_position":{"__type__":"cc.Vec3","x":-492}},{"__type__":"cc.Sprite","node":{"__id__":8},"_materials":[{"__uuid__":"ecpdLyjvZBwrvm+cedCcQy"}],"_spriteFrame":{"__uuid__":"75fowJradGepe6OM/vbqJr"},"_type":3,"_sizeMode":0,"_isTrimmedMode":false},{"__type__":"cc.Node","_name":"richtext","_parent":{"__id__":6},"_children":[{"__id__":11},{"__id__":12},{"__id__":13},{"__id__":14},{"__id__":15},{"__id__":16},{"__id__":17},{"__id__":18},{"__id__":19},{"__id__":20}],"_level":2,"_components":[{"__type__":"cc.RichText","node":{"__id__":10},"_isSystemFontUsed":false,"_N$string":"<color=#512339>L</c><color=#6F2643>o</c><color=#882A4B>a</c><color=#B3325C>d</c><color=#D2466D>i</c><color=#E0617F>n</c><color=#E88194>g</c><color=#E88194>.</c><color=#E88194>.</c><color=#E88194>.</color>","_N$fontSize":35,"_N$font":{"__uuid__":"d4Xu/hfM5K17Wl+HzX90cv"},"_N$lineHeight":50}],"_prefab":{"__type__":"cc.PrefabInfo","root":{"__id__":6},"asset":{"__uuid__":"41gBTXTB9HZbfTE1PAhmOS"},"fileId":"3fJ25i2sBOHZTpTAa7FVlb"},"_contentSize":{"__type__":"cc.Size","width":132.44,"height":63}},{"__type__":"cc.PrivateNode","_name":"RICHTEXT_CHILD","_objFlags":1024,"_parent":{"__id__":10},"_level":3,"_components":[{"__type__":"cc.Label","node":{"__id__":11},"_materials":[{"__uuid__":"ecpdLyjvZBwrvm+cedCcQy"}],"_string":"L","_N$string":"L","_fontSize":35,"_lineHeight":50,"_N$file":{"__uuid__":"d4Xu/hfM5K17Wl+HzX90cv"},"_isSystemFontUsed":false,"_N$verticalAlign":1}],"_prefab":{"__type__":"cc.PrefabInfo","root":{"__id__":6},"asset":{"__uuid__":"41gBTXTB9HZbfTE1PAhmOS"},"fileId":"c8tfrzatFEVKiuhrHKt6LG"},"_color":{"__type__":"cc.Color","r":81,"g":35,"b":57},"_contentSize":{"__type__":"cc.Size","width":13.31,"height":63},"_anchorPoint":{"__type__":"cc.Vec2"},"_position":{"__type__":"cc.Vec3","x":-66.22,"y":-31.5}},{"__type__":"cc.PrivateNode","_name":"RICHTEXT_CHILD","_objFlags":1024,"_parent":{"__id__":10},"_level":3,"_components":[{"__type__":"cc.Label","node":{"__id__":12},"_materials":[{"__uuid__":"ecpdLyjvZBwrvm+cedCcQy"}],"_string":"o","_N$string":"o","_fontSize":35,"_lineHeight":50,"_N$file":{"__uuid__":"d4Xu/hfM5K17Wl+HzX90cv"},"_isSystemFontUsed":false,"_N$verticalAlign":1}],"_prefab":{"__type__":"cc.PrefabInfo","root":{"__id__":6},"asset":{"__uuid__":"41gBTXTB9HZbfTE1PAhmOS"},"fileId":"39RUQIJ0JHI7hIk+JRVKk1"},"_color":{"__type__":"cc.Color","r":111,"g":38,"b":67},"_contentSize":{"__type__":"cc.Size","width":17.89,"height":63},"_anchorPoint":{"__type__":"cc.Vec2"},"_position":{"__type__":"cc.Vec3","x":-52.91,"y":-31.5}},{"__type__":"cc.PrivateNode","_name":"RICHTEXT_CHILD","_objFlags":1024,"_parent":{"__id__":10},"_level":3,"_components":[{"__type__":"cc.Label","node":{"__id__":13},"_materials":[{"__uuid__":"ecpdLyjvZBwrvm+cedCcQy"}],"_string":"a","_N$string":"a","_fontSize":35,"_lineHeight":50,"_N$file":{"__uuid__":"d4Xu/hfM5K17Wl+HzX90cv"},"_isSystemFontUsed":false,"_N$verticalAlign":1}],"_prefab":{"__type__":"cc.PrefabInfo","root":{"__id__":6},"asset":{"__uuid__":"41gBTXTB9HZbfTE1PAhmOS"},"fileId":"0aOPwlCXJBhJVvpwQD8xRB"},"_color":{"__type__":"cc.Color","r":136,"g":42,"b":75},"_contentSize":{"__type__":"cc.Size","width":17.64,"height":63},"_anchorPoint":{"__type__":"cc.Vec2"},"_position":{"__type__":"cc.Vec3","x":-35.019999999999996,"y":-31.5}},{"__type__":"cc.PrivateNode","_name":"RICHTEXT_CHILD","_objFlags":1024,"_parent":{"__id__":10},"_level":3,"_components":[{"__type__":"cc.Label","node":{"__id__":14},"_materials":[{"__uuid__":"ecpdLyjvZBwrvm+cedCcQy"}],"_string":"d","_N$string":"d","_fontSize":35,"_lineHeight":50,"_N$file":{"__uuid__":"d4Xu/hfM5K17Wl+HzX90cv"},"_isSystemFontUsed":false,"_N$verticalAlign":1}],"_prefab":{"__type__":"cc.PrefabInfo","root":{"__id__":6},"asset":{"__uuid__":"41gBTXTB9HZbfTE1PAhmOS"},"fileId":"48BCWA4GxNqqmGEKOdP9p0"},"_color":{"__type__":"cc.Color","r":179,"g":50,"b":92},"_contentSize":{"__type__":"cc.Size","width":18.18,"height":63},"_anchorPoint":{"__type__":"cc.Vec2"},"_position":{"__type__":"cc.Vec3","x":-17.379999999999995,"y":-31.5}},{"__type__":"cc.PrivateNode","_name":"RICHTEXT_CHILD","_objFlags":1024,"_parent":{"__id__":10},"_level":3,"_components":[{"__type__":"cc.Label","node":{"__id__":15},"_materials":[{"__uuid__":"ecpdLyjvZBwrvm+cedCcQy"}],"_string":"i","_N$string":"i","_fontSize":35,"_lineHeight":50,"_N$file":{"__uuid__":"d4Xu/hfM5K17Wl+HzX90cv"},"_isSystemFontUsed":false,"_N$verticalAlign":1}],"_prefab":{"__type__":"cc.PrefabInfo","root":{"__id__":6},"asset":{"__uuid__":"41gBTXTB9HZbfTE1PAhmOS"},"fileId":"a7AyYmqKNGdZ/mDaS3jzk+"},"_color":{"__type__":"cc.Color","r":210,"g":70,"b":109},"_contentSize":{"__type__":"cc.Size","width":9.59,"height":63},"_anchorPoint":{"__type__":"cc.Vec2"},"_position":{"__type__":"cc.Vec3","x":0.8000000000000114,"y":-31.5}},{"__type__":"cc.PrivateNode","_name":"RICHTEXT_CHILD","_objFlags":1024,"_parent":{"__id__":10},"_level":3,"_components":[{"__type__":"cc.Label","node":{"__id__":16},"_materials":[{"__uuid__":"ecpdLyjvZBwrvm+cedCcQy"}],"_string":"n","_N$string":"n","_fontSize":35,"_lineHeight":50,"_N$file":{"__uuid__":"d4Xu/hfM5K17Wl+HzX90cv"},"_isSystemFontUsed":false,"_N$verticalAlign":1}],"_prefab":{"__type__":"cc.PrefabInfo","root":{"__id__":6},"asset":{"__uuid__":"41gBTXTB9HZbfTE1PAhmOS"},"fileId":"95SkoXdgdNXqtLYCvK5Z+c"},"_color":{"__type__":"cc.Color","r":224,"g":97,"b":127},"_contentSize":{"__type__":"cc.Size","width":18.3,"height":63},"_anchorPoint":{"__type__":"cc.Vec2"},"_position":{"__type__":"cc.Vec3","x":10.390000000000015,"y":-31.5}},{"__type__":"cc.PrivateNode","_name":"RICHTEXT_CHILD","_objFlags":1024,"_parent":{"__id__":10},"_level":3,"_components":[{"__type__":"cc.Label","node":{"__id__":17},"_materials":[{"__uuid__":"ecpdLyjvZBwrvm+cedCcQy"}],"_string":"g","_N$string":"g","_fontSize":35,"_lineHeight":50,"_N$file":{"__uuid__":"d4Xu/hfM5K17Wl+HzX90cv"},"_isSystemFontUsed":false,"_N$verticalAlign":1}],"_prefab":{"__type__":"cc.PrefabInfo","root":{"__id__":6},"asset":{"__uuid__":"41gBTXTB9HZbfTE1PAhmOS"},"fileId":"6f0umCkKlDVYQvTI+DrFbv"},"_color":{"__type__":"cc.Color","r":232,"g":129,"b":148},"_contentSize":{"__type__":"cc.Size","width":18.15,"height":63},"_anchorPoint":{"__type__":"cc.Vec2"},"_position":{"__type__":"cc.Vec3","x":28.690000000000012,"y":-31.5}},{"__type__":"cc.PrivateNode","_name":"RICHTEXT_CHILD","_objFlags":1024,"_parent":{"__id__":10},"_level":3,"_components":[{"__type__":"cc.Label","node":{"__id__":18},"_materials":[{"__uuid__":"ecpdLyjvZBwrvm+cedCcQy"}],"_string":".","_N$string":".","_fontSize":35,"_lineHeight":50,"_N$file":{"__uuid__":"d4Xu/hfM5K17Wl+HzX90cv"},"_isSystemFontUsed":false,"_N$verticalAlign":1}],"_prefab":{"__type__":"cc.PrefabInfo","root":{"__id__":6},"asset":{"__uuid__":"41gBTXTB9HZbfTE1PAhmOS"},"fileId":"a0PtEtmOhL16qd19rEwetB"},"_color":{"__type__":"cc.Color","r":232,"g":129,"b":148},"_contentSize":{"__type__":"cc.Size","width":6.46,"height":63},"_anchorPoint":{"__type__":"cc.Vec2"},"_position":{"__type__":"cc.Vec3","x":46.84,"y":-31.5}},{"__type__":"cc.PrivateNode","_name":"RICHTEXT_CHILD","_objFlags":1024,"_parent":{"__id__":10},"_level":3,"_components":[{"__type__":"cc.Label","node":{"__id__":19},"_materials":[{"__uuid__":"ecpdLyjvZBwrvm+cedCcQy"}],"_string":".","_N$string":".","_fontSize":35,"_lineHeight":50,"_N$file":{"__uuid__":"d4Xu/hfM5K17Wl+HzX90cv"},"_isSystemFontUsed":false,"_N$verticalAlign":1}],"_prefab":{"__type__":"cc.PrefabInfo","root":{"__id__":6},"asset":{"__uuid__":"41gBTXTB9HZbfTE1PAhmOS"},"fileId":"7deRTPzWRHjK1LtNSzXUp/"},"_color":{"__type__":"cc.Color","r":232,"g":129,"b":148},"_contentSize":{"__type__":"cc.Size","width":6.46,"height":63},"_anchorPoint":{"__type__":"cc.Vec2"},"_position":{"__type__":"cc.Vec3","x":53.3,"y":-31.5}},{"__type__":"cc.PrivateNode","_name":"RICHTEXT_CHILD","_objFlags":1024,"_parent":{"__id__":10},"_level":3,"_components":[{"__type__":"cc.Label","node":{"__id__":20},"_materials":[{"__uuid__":"ecpdLyjvZBwrvm+cedCcQy"}],"_string":".","_N$string":".","_fontSize":35,"_lineHeight":50,"_N$file":{"__uuid__":"d4Xu/hfM5K17Wl+HzX90cv"},"_isSystemFontUsed":false,"_N$verticalAlign":1}],"_prefab":{"__type__":"cc.PrefabInfo","root":{"__id__":6},"asset":{"__uuid__":"41gBTXTB9HZbfTE1PAhmOS"},"fileId":"4c6oUz1w5D5KSQ78nCn/J/"},"_color":{"__type__":"cc.Color","r":232,"g":129,"b":148},"_contentSize":{"__type__":"cc.Size","width":6.46,"height":63},"_anchorPoint":{"__type__":"cc.Vec2"},"_position":{"__type__":"cc.Vec3","x":59.75999999999999,"y":-31.5}},{"__type__":"cc.Node","_name":"New Label","_parent":{"__id__":6},"_active":false,"_level":2,"_components":[{"__type__":"cc.Label","node":{"__id__":21},"_materials":[{"__uuid__":"ecpdLyjvZBwrvm+cedCcQy"}],"_useOriginalSize":false,"_string":"Loading...","_N$string":"Loading...","_fontSize":30,"_N$file":{"__uuid__":"d4Xu/hfM5K17Wl+HzX90cv"},"_isSystemFontUsed":false,"_N$horizontalAlign":1,"_N$verticalAlign":1},{"__type__":"cc.LabelOutline","node":{"__id__":21},"_color":{"__type__":"cc.Color","r":54}},{"__type__":"cc.LabelShadow","node":{"__id__":21},"_color":{"__type__":"cc.Color","r":71,"g":29,"b":29}}],"_prefab":{"__type__":"cc.PrefabInfo","root":{"__id__":6},"asset":{"__uuid__":"41gBTXTB9HZbfTE1PAhmOS"},"fileId":"af62naqEVEoK9NwsIII26o"},"_color":{"__type__":"cc.Color","r":251,"g":239,"b":255},"_contentSize":{"__type__":"cc.Size","width":115.53,"height":52.4}},{"__type__":"cc.ProgressBar","node":{"__id__":6},"_N$barSprite":{"__id__":9},"_N$mode":2,"_N$progress":0},{"__type__":"cc.Node","_name":"LoadGameController","_parent":{"__id__":1},"_level":1,"_components":[{"__type__":"89e3bULnINAO5LStk1zefH7","node":{"__id__":23},"progressBar":{"__id__":22}}],"_id":"e9e/uY8j9H1ahk4+HzS1vY"}]]