{"importBase":"import","nativeBase":"native","name":"main","deps":["internal"],"uuids":["07veRFOMFPB5DAQBjvGr/4","35Osn2gFZA85Qj2f4zxpo3","6fAc9/gb9Kfr1dCvwZaWSA@b47c0@40c10","6fAc9/gb9Kfr1dCvwZaWSA@b47c0@74afd","6fAc9/gb9Kfr1dCvwZaWSA@b47c0@7d38f","6fAc9/gb9Kfr1dCvwZaWSA@b47c0@8fd34","6fAc9/gb9Kfr1dCvwZaWSA@b47c0@bb97f","6fAc9/gb9Kfr1dCvwZaWSA@b47c0@e9a6d","b5cVQTJvZLQYuj6R05mDko","b92lKklx5K240UssH4/s+s","baIUdvKGZPgZxNbjWTFuRI","d0MqyYBeFAkIi762QNy1/B@b47c0@40c10","d0MqyYBeFAkIi762QNy1/B@b47c0@74afd","d0MqyYBeFAkIi762QNy1/B@b47c0@7d38f","d0MqyYBeFAkIi762QNy1/B@b47c0@8fd34","d0MqyYBeFAkIi762QNy1/B@b47c0@bb97f","d0MqyYBeFAkIi762QNy1/B@b47c0@e9a6d","f0A7W6dnNPYI9xnXl0gRfn","fdjsU2o1RKF5x0TziDw3jI","03aa14d60","0651b670d","070141e87","0bddbf0de","6fAc9/gb9Kfr1dCvwZaWSA@b47c0","b5cVQTJvZLQYuj6R05mDko@6c48a","b5cVQTJvZLQYuj6R05mDko@f9941","b92lKklx5K240UssH4/s+s@6c48a","b92lKklx5K240UssH4/s+s@f9941","d0MqyYBeFAkIi762QNy1/B@b47c0","d7o+pKeyNIZp2KX3h+oC3n","f0A7W6dnNPYI9xnXl0gRfn@6c48a","f0A7W6dnNPYI9xnXl0gRfn@f9941"],"paths":{"10":["db:/internal/physics/default-physics-material",1],"18":["db:/internal/default_renderpipeline/builtin-forward",0]},"scenes":{"db://assets/LoadScene/StartScene.scene":0,"db://assets/LoadScene/SceneLoader.scene":1},"packs":{"03aa14d60":["26","24","30"],"0651b670d":["0","23","2","3","4","5","6","7","25","27","28","11","12","13","14","15","16","29"],"070141e87":["9","8","17"],"0bddbf0de":["1","31"]},"versions":{"import":[19,"72f97",20,"9781e",21,"8ebdd",22,"1acc1",18,"731f4"],"native":[2,"6f2af",3,"459f6",4,"6a9df",5,"dabf1",6,"ea0b7",7,"9e658",8,"d70a1",9,"c4fd6",11,"d8477",12,"66393",13,"a5757",14,"2b5b1",15,"8000e",16,"3645b",17,"d9657"]},"redirect":[10,"0"],"debug":false,"extensionMap":{},"hasPreloadScript":true,"types":["cc.RenderPipeline","cc.PhysicsMaterial"],"encrypted":true}
