{"importBase":"import","nativeBase":"native","name":"main","deps":["internal"],"uuids":["07veRFOMFPB5DAQBjvGr/4","35Osn2gFZA85Qj2f4zxpo3","6fAc9/gb9Kfr1dCvwZaWSA@b47c0@40c10","6fAc9/gb9Kfr1dCvwZaWSA@b47c0@74afd","6fAc9/gb9Kfr1dCvwZaWSA@b47c0@7d38f","6fAc9/gb9Kfr1dCvwZaWSA@b47c0@8fd34","6fAc9/gb9Kfr1dCvwZaWSA@b47c0@bb97f","6fAc9/gb9Kfr1dCvwZaWSA@b47c0@e9a6d","baIUdvKGZPgZxNbjWTFuRI","d0MqyYBeFAkIi762QNy1/B@b47c0@40c10","d0MqyYBeFAkIi762QNy1/B@b47c0@74afd","d0MqyYBeFAkIi762QNy1/B@b47c0@7d38f","d0MqyYBeFAkIi762QNy1/B@b47c0@8fd34","d0MqyYBeFAkIi762QNy1/B@b47c0@bb97f","d0MqyYBeFAkIi762QNy1/B@b47c0@e9a6d","ecd46++NpIv6J+f/HReljC","f0A7W6dnNPYI9xnXl0gRfn","fdjsU2o1RKF5x0TziDw3jI","0bddbf0de","0c2de37a0","0d4a89f33","0ec342719","6fAc9/gb9Kfr1dCvwZaWSA@b47c0","d0MqyYBeFAkIi762QNy1/B@b47c0","d7o+pKeyNIZp2KX3h+oC3n","ecd46++NpIv6J+f/HReljC@6c48a","ecd46++NpIv6J+f/HReljC@f9941","f0A7W6dnNPYI9xnXl0gRfn@6c48a","f0A7W6dnNPYI9xnXl0gRfn@f9941"],"paths":{"8":["db:/internal/physics/default-physics-material",1],"17":["db:/internal/default_renderpipeline/builtin-forward",0]},"scenes":{"db://assets/LoadScene/StartScene.scene":0,"db://assets/LoadScene/SceneLoader.scene":1},"packs":{"0bddbf0de":["1","28"],"0c2de37a0":["0","22","2","3","4","5","6","7","23","9","10","11","12","13","14","24","26"],"0d4a89f33":["25","27"],"0ec342719":["15","16"]},"versions":{"import":[18,"9dbf6",19,"56973",20,"78f67",21,"d8f07",17,"731f4"],"native":[2,"6f2af",3,"459f6",4,"6a9df",5,"dabf1",6,"ea0b7",7,"9e658",9,"d8477",10,"66393",11,"a5757",12,"2b5b1",13,"8000e",14,"3645b",15,"908e7",16,"d9657"]},"redirect":[8,"0"],"debug":false,"extensionMap":{},"hasPreloadScript":true,"types":["cc.RenderPipeline","cc.PhysicsMaterial"],"encrypted":true}
