[{"__type__":"cc.SpriteFrame","content":{"name":"balon2-2","texture":"8bOeGYG9xHPZfny3aSoWVz","rect":[0,0,346,444],"offset":[0,0],"originalSize":[346,444],"capInsets":[0,0,0,0]}},{"__type__":"cc.SpriteFrame","content":{"name":"balon2","texture":"bc4re86GVC/4+Svj2Ekbuu","rect":[0,0,346,444],"offset":[0,0],"originalSize":[346,444],"capInsets":[0,0,0,0]}},[{"__type__":"cc.Prefab","_name":"progressBar","data":{"__id__":1}},{"__type__":"cc.Node","_name":"bgbar","_children":[{"__id__":2},{"__id__":3},{"__id__":5}],"_level":1,"_components":[{"__type__":"cc.Sprite","node":{"__id__":1},"_materials":[{"__uuid__":"ecpdLyjvZBwrvm+cedCcQy"}],"_spriteFrame":{"__uuid__":"01DZ6lFUBL4oU8bcu9tVUZ"}},{"__type__":"cc.ProgressBar","node":{"__id__":1},"_N$barSprite":{"__id__":4},"_N$mode":2,"_N$progress":0},{"__type__":"cc.Widget","node":{"__id__":1},"_left":460,"_right":460,"_top":891.02,"_bottom":138.98,"_originalWidth":1000,"_originalHeight":50}],"_prefab":{"__type__":"cc.PrefabInfo","root":{"__id__":1},"asset":{"__uuid__":"41gBTXTB9HZbfTE1PAhmOS"},"fileId":"d3i31G1CFF74JaeNg4tYn6"},"_color":{"__type__":"cc.Color","r":216,"g":216,"b":216},"_contentSize":{"__type__":"cc.Size","width":346,"height":444},"_position":{"__type__":"cc.Vec3","y":-376.02},"_scale":{"__type__":"cc.Vec3","x":0.8,"y":0.8,"z":1}},{"__type__":"cc.Node","_name":"bar copy","_parent":{"__id__":1},"_level":2,"_components":[{"__type__":"cc.Sprite","node":{"__id__":2},"_materials":[{"__uuid__":"ecpdLyjvZBwrvm+cedCcQy"}],"_spriteFrame":{"__uuid__":"01DZ6lFUBL4oU8bcu9tVUZ"},"_fillRange":1,"_isTrimmedMode":false},{"__type__":"cc.Widget","node":{"__id__":2},"_alignFlags":45,"_left":3.460000000000008,"_right":3.460000000000008,"_top":4.439999999999998,"_bottom":4.439999999999998,"_originalWidth":346,"_originalHeight":444}],"_prefab":{"__type__":"cc.PrefabInfo","root":{"__id__":1},"asset":{"__uuid__":"41gBTXTB9HZbfTE1PAhmOS"},"fileId":"4aeBCRMctP4bBGMaViFYxR"},"_color":{"__type__":"cc.Color","r":74,"g":80,"b":83},"_contentSize":{"__type__":"cc.Size","width":346,"height":444},"_scale":{"__type__":"cc.Vec3","x":0.98,"y":0.98,"z":1}},{"__type__":"cc.Node","_name":"bar","_parent":{"__id__":1},"_components":[{"__id__":4},{"__type__":"cc.Widget","node":{"__id__":3},"_alignFlags":45,"_left":3.460000000000008,"_right":3.460000000000008,"_top":4.439999999999998,"_bottom":4.439999999999998,"_originalWidth":346,"_originalHeight":444}],"_prefab":{"__type__":"cc.PrefabInfo","root":{"__id__":1},"asset":{"__uuid__":"41gBTXTB9HZbfTE1PAhmOS"},"fileId":"a4bEziBRpMm4uAr3CKocPs"},"_contentSize":{"__type__":"cc.Size","width":346,"height":444},"_scale":{"__type__":"cc.Vec3","x":0.98,"y":0.98,"z":1}},{"__type__":"cc.Sprite","node":{"__id__":3},"_materials":[{"__uuid__":"ecpdLyjvZBwrvm+cedCcQy"}],"_spriteFrame":{"__uuid__":"04cwizd2ZA1ZBkPmFGw1Me"},"_type":3,"_fillType":1,"_isTrimmedMode":false},{"__type__":"cc.Node","_name":"New Label","_parent":{"__id__":1},"_level":2,"_components":[{"__type__":"cc.Label","node":{"__id__":5},"_materials":[{"__uuid__":"ecpdLyjvZBwrvm+cedCcQy"}],"_useOriginalSize":false,"_string":"100%","_N$string":"100%","_fontSize":80,"_N$file":{"__uuid__":"bfxtIqh6xCpYObA32XxIAy"},"_isSystemFontUsed":false,"_N$horizontalAlign":1,"_N$verticalAlign":1,"_N$overflow":1},{"__type__":"cc.LabelOutline","node":{"__id__":5}},{"__type__":"cc.LabelShadow","node":{"__id__":5}}],"_prefab":{"__type__":"cc.PrefabInfo","root":{"__id__":1},"asset":{"__uuid__":"41gBTXTB9HZbfTE1PAhmOS"},"fileId":"af62naqEVEoK9NwsIII26o"},"_color":{"__type__":"cc.Color","r":119,"g":35,"b":131},"_contentSize":{"__type__":"cc.Size","width":300,"height":302.4},"_position":{"__type__":"cc.Vec3","y":4.056}}]]