{"CocosEngine":"3.7.3","engine":{"debug":false,"platform":"ios","customLayers":[],"sortingLayers":[],"macros":{"ENABLE_TILEDMAP_CULLING":false,"ENABLE_MULTI_TOUCH":false,"MAX_LABEL_CANVAS_POOL_SIZE":50},"builtinAssets":["60f7195c-ec2a-45eb-ba94-8955f60e81d0","1c02ae6f-4492-4915-b8f8-7492a3b1e4cd","810e96e4-e456-4468-9b59-f4e8f39732c0","efe8e2a3-eace-427b-b4f1-cb8a937ec77d","e9aa9a3e-5b2b-4ac7-a2c7-073de2b2b24f","8bbdbcdd-5cd4-4100-b6d5-b7c9625b6107","50f4348b-c883-4e2f-8f11-ce233b859fa1","fda095cb-831d-4601-ad94-846013963de8","f92806d7-1768-443f-afe8-12bcde84d0f0","dd3a144d-ab7f-41f0-82b8-2e43a090d496","f0416e68-0200-4b77-a926-4f9d16e494da","1baf0fc9-befa-459c-8bdd-af1a450a0319","511d2633-09a7-4bdd-ac42-f778032124b3","5d45aa00-e064-4938-b314-4265f0c2258c","28d6d6b8-3f66-4a73-9795-17a0852ba2d4","ec8106fe-05bf-4e94-943c-e0d3b7bb5e45","620b6bf3-0369-4560-837f-2a2c00b73c26","2df0a40b-26c2-47ce-be0d-4d3cd4164737","ff9be190-20a4-4e48-b68c-76e3c7cff085","970b0598-bcb0-4714-91fb-2e81440dccd8","bcd64cc6-2dd9-43f6-abbe-66318d332032","d930590d-bb92-4cc8-8bd1-23cd027f9edf","a3cd009f-0ab0-420d-9278-b9fdab939bbc","9361fd90-ba52-4f84-aa93-6e878fd576ca","d1346436-ac96-4271-b863-1f4fdead95b0","971bdb23-3ff6-43eb-b422-1c30165a3663","17debcc3-0a6b-4b8a-b00b-dc58b885581e","711ebe11-f673-4cd9-9a83-63c60ba54c5b","c0143906-9aed-447e-9436-2ae8512d1b6e","14da1725-c4c2-42b4-ab08-ee0aeb6898b3","081cab31-dccd-428e-8652-f2404cc81c47","78e0584a-4343-4727-8f37-e14e65c2a2db","ba21476f-2866-4f81-9c4d-6e359316e448","871c3b6c-7379-419d-bda3-794b239ab90d","c27215d8-6835-4b68-bfbb-bdeac6100c04","b5d6115f-0370-4d7c-aad3-c194cc71cf98","1d08ef62-a503-4ce2-8b9a-46c90873f7d3"]},"animation":{"customJointTextureLayouts":[]},"assets":{"server":"","remoteBundles":[],"subpackages":[],"preloadBundles":[{"bundle":"main"}],"bundleVers":{"internal":"b269c","main":"705c1"},"preloadAssets":[],"projectBundles":["internal","main"]},"plugins":{"jsList":[]},"scripting":{"scriptPackages":["../chunks/bundle.b94bf.js"]},"launch":{"launchScene":"db://assets/LoadScene/StartScene.scene"},"screen":{"exactFitScreen":true,"designResolution":{"width":1920,"height":1080,"policy":3}},"rendering":{"renderPipeline":""},"splashScreen":{"displayRatio":1,"totalTime":0,"watermarkLocation":"default","autoFit":true},"physics":{"physicsEngine":"physics-builtin","gravity":{"x":0,"y":-10,"z":0},"allowSleep":true,"sleepThreshold":0.1,"autoSimulation":true,"fixedTimeStep":0.0166667,"maxSubSteps":1,"defaultMaterial":"ba21476f-2866-4f81-9c4d-6e359316e448"}}