{"importBase":"import","nativeBase":"native","name":"main","deps":["internal"],"uuids":["07veRFOMFPB5DAQBjvGr/4","12cjj3nylCBKIZ3DhJRLYo","35Osn2gFZA85Qj2f4zxpo3","4dB2ufCQVCsrThrdl2wFH2","6fAc9/gb9Kfr1dCvwZaWSA@b47c0@40c10","6fAc9/gb9Kfr1dCvwZaWSA@b47c0@74afd","6fAc9/gb9Kfr1dCvwZaWSA@b47c0@7d38f","6fAc9/gb9Kfr1dCvwZaWSA@b47c0@8fd34","6fAc9/gb9Kfr1dCvwZaWSA@b47c0@bb97f","6fAc9/gb9Kfr1dCvwZaWSA@b47c0@e9a6d","baIUdvKGZPgZxNbjWTFuRI","d0MqyYBeFAkIi762QNy1/B@b47c0@40c10","d0MqyYBeFAkIi762QNy1/B@b47c0@74afd","d0MqyYBeFAkIi762QNy1/B@b47c0@7d38f","d0MqyYBeFAkIi762QNy1/B@b47c0@8fd34","d0MqyYBeFAkIi762QNy1/B@b47c0@bb97f","d0MqyYBeFAkIi762QNy1/B@b47c0@e9a6d","f0A7W6dnNPYI9xnXl0gRfn","fdjsU2o1RKF5x0TziDw3jI","08b9da660","0bddbf0de","0cf95428f","0d6de4ddd","12cjj3nylCBKIZ3DhJRLYo@6c48a","12cjj3nylCBKIZ3DhJRLYo@f9941","4dB2ufCQVCsrThrdl2wFH2@6c48a","4dB2ufCQVCsrThrdl2wFH2@f9941","6fAc9/gb9Kfr1dCvwZaWSA@b47c0","d0MqyYBeFAkIi762QNy1/B@b47c0","d7o+pKeyNIZp2KX3h+oC3n","f0A7W6dnNPYI9xnXl0gRfn@6c48a","f0A7W6dnNPYI9xnXl0gRfn@f9941"],"paths":{"10":["db:/internal/physics/default-physics-material",1],"18":["db:/internal/default_renderpipeline/builtin-forward",0]},"scenes":{"db://assets/LoadScene/StartScene.scene":0,"db://assets/LoadScene/SceneLoader.scene":2},"packs":{"08b9da660":["25","23","30"],"0bddbf0de":["2","31"],"0cf95428f":["3","1","17"],"0d6de4ddd":["0","24","26","27","4","5","6","7","8","9","28","11","12","13","14","15","16","29"]},"versions":{"import":[19,"186fc",20,"aecae",21,"ad401",22,"92b3f",18,"731f4"],"native":[1,"0fc5a",3,"9714a",4,"6f2af",5,"459f6",6,"6a9df",7,"dabf1",8,"ea0b7",9,"9e658",11,"d8477",12,"66393",13,"a5757",14,"2b5b1",15,"8000e",16,"3645b",17,"d9657"]},"redirect":[10,"0"],"debug":false,"extensionMap":{},"hasPreloadScript":true,"types":["cc.RenderPipeline","cc.PhysicsMaterial"],"encrypted":true}
